bab	bab
babs	bab
back	back
backs	back
bad	bad
bads	bad
baf	baf
bafs	baf
bag	bag
bags	bag
bal	bal
bals	bal
bam	bam
bams	bam
ban	ban
bans	ban
bap	bap
baps	bap
bar	bar
bars	bar
bat	bat
bath	bath
baths	bath
bats	bat
bav	bav
bavs	bav
beb	beb
bebs	beb
beck	beck
becks	beck
bef	bef
befs	bef
beg	beg
begs	beg
bel	bel
bels	bel
bem	bem
bems	bem
ben	ben
bens	ben
bep	bep
beps	bep
bet	bet
beth	beth
beths	beth
bets	bet
bev	bev
bevs	bev
bib	bib
bibs	bib
bick	bick
bicks	bick
bid	bid
bids	bid
bif	bif
bifs	bif
big	big
bigs	big
bil	bil
bils	bil
bim	bim
bims	bim
bin	bin
bins	bin
bip	bip
bips	bip
bir	bir
birs	bir
bit	bit
bith	bith
biths	bith
bits	bit
biv	biv
bivs	biv
blab	blab
blabs	blab
black	black
blacks	black
blad	blad
blads	blad
blaf	blaf
blafs	blaf
blag	blag
blags	blag
blal	blal
blals	blal
blam	blam
blams	blam
blan	blan
blans	blan
blap	blap
blaps	blap
blar	blar
blars	blar
blat	blat
blath	blath
blaths	blath
blats	blat
blav	blav
blavs	blav
bleb	bleb
blebs	bleb
bleck	bleck
blecks	bleck
blef	blef
blefs	blef
bleg	bleg
blegs	bleg
blel	blel
blels	blel
blem	blem
blems	blem
blen	blen
blens	blen
blep	blep
bleps	blep
blet	blet
bleth	bleth
bleths	bleth
blets	blet
blev	blev
blevs	blev
blib	blib
blibs	blib
blick	blick
blicks	blick
blid	blid
blids	blid
blif	blif
blifs	blif
blig	blig
bligs	blig
blil	blil
blils	blil
blim	blim
blims	blim
blin	blin
blins	blin
blip	blip
blips	blip
blir	blir
blirs	blir
blit	blit
blith	blith
bliths	blith
blits	blit
bliv	bliv
blivs	bliv
blob	blob
blobs	blob
block	block
blocks	block
blod	blod
blods	blod
blof	blof
blofs	blof
blog	blog
blogs	blog
blol	blol
blols	blol
blom	blom
bloms	blom
blon	blon
blons	blon
blop	blop
blops	blop
blor	blor
blors	blor
blot	blot
bloth	bloth
bloths	bloth
blots	blot
blov	blov
blovs	blov
blub	blub
blubs	blub
bluck	bluck
blucks	bluck
blud	blud
bluds	blud
bluf	bluf
blufs	bluf
blug	blug
blugs	blug
blul	blul
bluls	blul
blum	blum
blums	blum
blun	blun
bluns	blun
blup	blup
blups	blup
blur	blur
blurs	blur
blut	blut
bluth	bluth
bluths	bluth
bluts	blut
bluv	bluv
bluvs	bluv
bob	bob
bobs	bob
bock	bock
bocks	bock
bod	bod
bods	bod
bof	bof
bofs	bof
bog	bog
bogs	bog
bol	bol
bols	bol
bom	bom
boms	bom
bon	bon
bons	bon
bop	bop
bops	bop
bor	bor
bors	bor
bot	bot
both	both
boths	both
bots	bot
bov	bov
bovs	bov
brab	brab
brabs	brab
brack	brack
bracks	brack
brad	brad
brads	brad
braf	braf
brafs	braf
brag	brag
brags	brag
bral	bral
brals	bral
bram	bram
brams	bram
bran	bran
brans	bran
brap	brap
braps	brap
brar	brar
brars	brar
brat	brat
brath	brath
braths	brath
brats	brat
brav	brav
bravs	brav
breb	breb
brebs	breb
breck	breck
brecks	breck
bref	bref
brefs	bref
breg	breg
bregs	breg
brel	brel
brels	brel
brem	brem
brems	brem
bren	bren
brens	bren
brep	brep
breps	brep
bret	bret
breth	breth
breths	breth
brets	bret
brev	brev
brevs	brev
brib	brib
bribs	brib
brick	brick
bricks	brick
brid	brid
brids	brid
brif	brif
brifs	brif
brig	brig
brigs	brig
bril	bril
brils	bril
brim	brim
brims	brim
brin	brin
brins	brin
brip	brip
brips	brip
brir	brir
brirs	brir
brit	brit
brith	brith
briths	brith
brits	brit
briv	briv
brivs	briv
brob	brob
brobs	brob
brock	brock
brocks	brock
brod	brod
brods	brod
brof	brof
brofs	brof
brog	brog
brogs	brog
brol	brol
brols	brol
brom	brom
broms	brom
bron	bron
brons	bron
brop	brop
brops	brop
bror	bror
brors	bror
brot	brot
broth	broth
broths	broth
brots	brot
brov	brov
brovs	brov
brub	brub
brubs	brub
bruck	bruck
brucks	bruck
brud	brud
bruds	brud
bruf	bruf
brufs	bruf
brug	brug
brugs	brug
brul	brul
bruls	brul
brum	brum
brums	brum
brun	brun
bruns	brun
brup	brup
brups	brup
brur	brur
brurs	brur
brut	brut
bruth	bruth
bruths	bruth
bruts	brut
bruv	bruv
bruvs	bruv
bub	bub
bubs	bub
buck	buck
bucks	buck
bud	bud
buds	bud
buf	buf
bufs	buf
bug	bug
bugs	bug
bul	bul
buls	bul
bum	bum
bums	bum
bun	bun
buns	bun
bup	bup
bups	bup
bur	bur
burs	bur
but	but
buth	buth
buths	buth
buts	but
buv	buv
buvs	buv
clab	clab
clabs	clab
clack	clack
clacks	clack
clad	clad
clads	clad
claf	claf
clafs	claf
clag	clag
clags	clag
clal	clal
clals	clal
clam	clam
clams	clam
clan	clan
clans	clan
clap	clap
claps	clap
clar	clar
clars	clar
clat	clat
clath	clath
claths	clath
clats	clat
clav	clav
clavs	clav
cleb	cleb
clebs	cleb
cleck	cleck
clecks	cleck
clef	clef
clefs	clef
cleg	cleg
clegs	cleg
clel	clel
clels	clel
clem	clem
clems	clem
clen	clen
clens	clen
clep	clep
cleps	clep
clet	clet
cleth	cleth
cleths	cleth
clets	clet
clev	clev
clevs	clev
clib	clib
clibs	clib
click	click
clicks	click
clid	clid
clids	clid
clif	clif
clifs	clif
clig	clig
cligs	clig
clil	clil
clils	clil
clim	clim
clims	clim
clin	clin
clins	clin
clip	clip
clips	clip
clir	clir
clirs	clir
clit	clit
clith	clith
cliths	clith
clits	clit
cliv	cliv
clivs	cliv
clob	clob
clobs	clob
clock	clock
clocks	clock
clod	clod
clods	clod
clof	clof
clofs	clof
clog	clog
clogs	clog
clol	clol
clols	clol
clom	clom
cloms	clom
clon	clon
clons	clon
clop	clop
clops	clop
clor	clor
clors	clor
clot	clot
cloth	cloth
cloths	cloth
clots	clot
clov	clov
clovs	clov
club	club
clubs	club
cluck	cluck
clucks	cluck
clud	clud
cluds	clud
cluf	cluf
clufs	cluf
clug	clug
clugs	clug
clul	clul
cluls	clul
clum	clum
clums	clum
clun	clun
cluns	clun
clup	clup
clups	clup
clur	clur
clurs	clur
clut	clut
cluth	cluth
cluths	cluth
cluts	clut
cluv	cluv
cluvs	cluv
crab	crab
crabs	crab
crack	crack
cracks	crack
crad	crad
crads	crad
craf	craf
crafs	craf
crag	crag
crags	crag
cral	cral
crals	cral
cram	cram
crams	cram
cran	cran
crans	cran
crap	crap
craps	crap
crar	crar
crars	crar
crat	crat
crath	crath
craths	crath
crats	crat
crav	crav
cravs	crav
creb	creb
crebs	creb
creck	creck
crecks	creck
cref	cref
crefs	cref
creg	creg
cregs	creg
crel	crel
crels	crel
crem	crem
crems	crem
cren	cren
crens	cren
crep	crep
creps	crep
cret	cret
creth	creth
creths	creth
crets	cret
crev	crev
crevs	crev
crib	crib
cribs	crib
crick	crick
cricks	crick
crid	crid
crids	crid
crif	crif
crifs	crif
crig	crig
crigs	crig
cril	cril
crils	cril
crim	crim
crims	crim
crin	crin
crins	crin
crip	crip
crips	crip
crir	crir
crirs	crir
crit	crit
crith	crith
criths	crith
crits	crit
criv	criv
crivs	criv
crob	crob
crobs	crob
crock	crock
crocks	crock
crod	crod
crods	crod
crof	crof
crofs	crof
crog	crog
crogs	crog
crol	crol
crols	crol
crom	crom
croms	crom
cron	cron
crons	cron
crop	crop
crops	crop
cror	cror
crors	cror
crot	crot
croth	croth
croths	croth
crots	crot
crov	crov
crovs	crov
crub	crub
crubs	crub
cruck	cruck
crucks	cruck
crud	crud
cruds	crud
cruf	cruf
crufs	cruf
crug	crug
crugs	crug
crul	crul
cruls	crul
crum	crum
crums	crum
crun	crun
cruns	crun
crup	crup
crups	crup
crur	crur
crurs	crur
crut	crut
cruth	cruth
cruths	cruth
cruts	crut
cruv	cruv
cruvs	cruv
dab	dab
dabs	dab
dack	dack
dacks	dack
dad	dad
dads	dad
daf	daf
dafs	daf
dag	dag
dags	dag
dal	dal
dals	dal
dam	dam
dams	dam
dan	dan
dans	dan
dap	dap
daps	dap
dar	dar
dars	dar
dat	dat
dath	dath
daths	dath
dats	dat
dav	dav
davs	dav
deb	deb
debs	deb
deck	deck
decks	deck
def	def
defs	def
deg	deg
degs	deg
del	del
dels	del
dem	dem
dems	dem
den	den
dens	den
deth	deth
deths	deth
fubabier	fubaby
fubabiest	fubaby
fubaby	fubaby
fubackier	fubacky
fubackiest	fubacky
fubacky	fubacky
fubadier	fubady
fubadiest	fubady
fubady	fubady
fubafier	fubafy
fubafiest	fubafy
fubafy	fubafy
fubagier	fubagy
fubagiest	fubagy
fubagy	fubagy
fubalier	fubaly
fubaliest	fubaly
fubaly	fubaly
fubamier	fubamy
fubamiest	fubamy
fubamy	fubamy
fubanier	fubany
fubaniest	fubany
fubany	fubany
fubapier	fubapy
fubapiest	fubapy
fubapy	fubapy
fubarier	fubary
fubariest	fubary
fubary	fubary
fubathier	fubathy
fubathiest	fubathy
fubathy	fubathy
fubatier	fubaty
fubatiest	fubaty
fubaty	fubaty
fubavier	fubavy
fubaviest	fubavy
fubavy	fubavy
fubebier	fubeby
fubebiest	fubeby
fubeby	fubeby
fubeckier	fubecky
fubeckiest	fubecky
fubecky	fubecky
fubedier	fubedy
fubediest	fubedy
fubedy	fubedy
fubefier	fubefy
fubefiest	fubefy
fubefy	fubefy
fubegier	fubegy
fubegiest	fubegy
fubegy	fubegy
fubelier	fubely
fubeliest	fubely
fubely	fubely
fubemier	fubemy
fubemiest	fubemy
fubemy	fubemy
fubenier	fubeny
fubeniest	fubeny
fubeny	fubeny
fubepier	fubepy
fubepiest	fubepy
fubepy	fubepy
fuberier	fubery
fuberiest	fubery
fubery	fubery
fubethier	fubethy
fubethiest	fubethy
fubethy	fubethy
fubetier	fubety
fubetiest	fubety
fubety	fubety
fubevier	fubevy
fubeviest	fubevy
fubevy	fubevy
fubibier	fubiby
fubibiest	fubiby
fubiby	fubiby
fubickier	fubicky
fubickiest	fubicky
fubicky	fubicky
fubidier	fubidy
fubidiest	fubidy
fubidy	fubidy
fubifier	fubify
fubifiest	fubify
fubify	fubify
fubigier	fubigy
fubigiest	fubigy
fubigy	fubigy
fubilier	fubily
fubiliest	fubily
fubily	fubily
fubimier	fubimy
fubimiest	fubimy
fubimy	fubimy
fubinier	fubiny
fubiniest	fubiny
fubiny	fubiny
fubipier	fubipy
fubipiest	fubipy
fubipy	fubipy
fubirier	fubiry
fubiriest	fubiry
fubiry	fubiry
fubithier	fubithy
fubithiest	fubithy
fubithy	fubithy
fubitier	fubity
fubitiest	fubity
fubity	fubity
fubivier	fubivy
fubiviest	fubivy
fubivy	fubivy
fublabier	fublaby
fublabiest	fublaby
fublaby	fublaby
fublackier	fublacky
fublackiest	fublacky
fublacky	fublacky
fubladier	fublady
fubladiest	fublady
fublady	fublady
fublafier	fublafy
fublafiest	fublafy
fublafy	fublafy
fublagier	fublagy
fublagiest	fublagy
fublagy	fublagy
fublalier	fublaly
fublaliest	fublaly
fublaly	fublaly
fublamier	fublamy
fublamiest	fublamy
fublamy	fublamy
fublanier	fublany
fublaniest	fublany
fublany	fublany
fublapier	fublapy
fublapiest	fublapy
fublapy	fublapy
fublarier	fublary
fublariest	fublary
fublary	fublary
fublathier	fublathy
fublathiest	fublathy
fublathy	fublathy
fublatier	fublaty
fublatiest	fublaty
fublaty	fublaty
fublavier	fublavy
fublaviest	fublavy
fublavy	fublavy
fublebier	fubleby
fublebiest	fubleby
fubleby	fubleby
fubleckier	fublecky
fubleckiest	fublecky
fublecky	fublecky
fubledier	fubledy
fublediest	fubledy
fubledy	fubledy
fublefier	fublefy
fublefiest	fublefy
fublefy	fublefy
fublegier	fublegy
fublegiest	fublegy
fublegy	fublegy
fublelier	fublely
fubleliest	fublely
fublely	fublely
fublemier	fublemy
fublemiest	fublemy
fublemy	fublemy
fublenier	fubleny
fubleniest	fubleny
fubleny	fubleny
fublepier	fublepy
fublepiest	fublepy
fublepy	fublepy
fublerier	fublery
fubleriest	fublery
fublery	fublery
fublethier	fublethy
fublethiest	fublethy
fublethy	fublethy
fubletier	fublety
fubletiest	fublety
fublety	fublety
fublevier	fublevy
fubleviest	fublevy
fublevy	fublevy
fublibier	fubliby
fublibiest	fubliby
fubliby	fubliby
fublickier	fublicky
fublickiest	fublicky
fublicky	fublicky
fublidier	fublidy
fublidiest	fublidy
fublidy	fublidy
fublifier	fublify
fublifiest	fublify
fublify	fublify
fubligier	fubligy
fubligiest	fubligy
fubligy	fubligy
fublilier	fublily
fubliliest	fublily
fublily	fublily
fublimier	fublimy
fublimiest	fublimy
fublimy	fublimy
fublinier	fubliny
fubliniest	fubliny
fubliny	fubliny
fublipier	fublipy
fublipiest	fublipy
fublipy	fublipy
fublirier	fubliry
fubliriest	fubliry
fubliry	fubliry
fublithier	fublithy
fublithiest	fublithy
fublithy	fublithy
fublitier	fublity
fublitiest	fublity
fublity	fublity
fublivier	fublivy
fubliviest	fublivy
fublivy	fublivy
fublobier	fubloby
fublobiest	fubloby
fubloby	fubloby
fublockier	fublocky
fublockiest	fublocky
fublocky	fublocky
fublodier	fublody
fublodiest	fublody
fublody	fublody
fublofier	fublofy
fublofiest	fublofy
fublofy	fublofy
fublogier	fublogy
fublogiest	fublogy
fublogy	fublogy
fublolier	fubloly
fubloliest	fubloly
fubloly	fubloly
fublomier	fublomy
fublomiest	fublomy
fublomy	fublomy
fublonier	fublony
fubloniest	fublony
fublony	fublony
fublopier	fublopy
fublopiest	fublopy
fublopy	fublopy
fublorier	fublory
fubloriest	fublory
fublory	fublory
fublothier	fublothy
fublothiest	fublothy
fublothy	fublothy
fublotier	fubloty
fublotiest	fubloty
fubloty	fubloty
fublovier	fublovy
fubloviest	fublovy
fublovy	fublovy
fublubier	fubluby
fublubiest	fubluby
fubluby	fubluby
fubluckier	fublucky
fubluckiest	fublucky
fublucky	fublucky
fubludier	fubludy
fubludiest	fubludy
fubludy	fubludy
fublufier	fublufy
fublufiest	fublufy
fublufy	fublufy
fublugier	fublugy
fublugiest	fublugy
fublugy	fublugy
fublulier	fubluly
fubluliest	fubluly
fubluly	fubluly
fublumier	fublumy
fublumiest	fublumy
fublumy	fublumy
fublunier	fubluny
fubluniest	fubluny
fubluny	fubluny
fublupier	fublupy
fublupiest	fublupy
fublupy	fublupy
fublurier	fublury
fubluriest	fublury
fublury	fublury
fubluthier	fubluthy
fubluthiest	fubluthy
fubluthy	fubluthy
fublutier	fubluty
fublutiest	fubluty
fubluty	fubluty
fubluvier	fubluvy
fubluviest	fubluvy
fubluvy	fubluvy
fubobier	fuboby
fubobiest	fuboby
fuboby	fuboby
fubockier	fubocky
fubockiest	fubocky
fubocky	fubocky
fubodier	fubody
fubodiest	fubody
fubody	fubody
fubofier	fubofy
fubofiest	fubofy
fubofy	fubofy
fubogier	fubogy
fubogiest	fubogy
fubogy	fubogy
fubolier	fuboly
fuboliest	fuboly
fuboly	fuboly
fubomier	fubomy
fubomiest	fubomy
fubomy	fubomy
fubonier	fubony
fuboniest	fubony
fubony	fubony
fubopier	fubopy
fubopiest	fubopy
fubopy	fubopy
fuborier	fubory
fuboriest	fubory
fubory	fubory
fubothier	fubothy
fubothiest	fubothy
fubothy	fubothy
fubotier	fuboty
fubotiest	fuboty
fuboty	fuboty
fubovier	fubovy
fuboviest	fubovy
fubovy	fubovy
fubrabier	fubraby
fubrabiest	fubraby
fubraby	fubraby
fubrackier	fubracky
fubrackiest	fubracky
fubracky	fubracky
fubradier	fubrady
fubradiest	fubrady
fubrady	fubrady
fubrafier	fubrafy
fubrafiest	fubrafy
fubrafy	fubrafy
fubragier	fubragy
fubragiest	fubragy
fubragy	fubragy
fubralier	fubraly
fubraliest	fubraly
fubraly	fubraly
fubramier	fubramy
fubramiest	fubramy
fubramy	fubramy
fubranier	fubrany
fubraniest	fubrany
fubrany	fubrany
fubrapier	fubrapy
fubrapiest	fubrapy
fubrapy	fubrapy
fubrarier	fubrary
fubrariest	fubrary
fubrary	fubrary
fubrathier	fubrathy
fubrathiest	fubrathy
fubrathy	fubrathy
fubratier	fubraty
fubratiest	fubraty
fubraty	fubraty
fubravier	fubravy
fubraviest	fubravy
fubravy	fubravy
fubrebier	fubreby
fubrebiest	fubreby
fubreby	fubreby
fubreckier	fubrecky
fubreckiest	fubrecky
fubrecky	fubrecky
fubredier	fubredy
fubrediest	fubredy
fubredy	fubredy
fubrefier	fubrefy
fubrefiest	fubrefy
fubrefy	fubrefy
fubregier	fubregy
fubregiest	fubregy
fubregy	fubregy
fubrelier	fubrely
fubreliest	fubrely
fubrely	fubrely
fubremier	fubremy
fubremiest	fubremy
fubremy	fubremy
fubrenier	fubreny
fubreniest	fubreny
fubreny	fubreny
fubrepier	fubrepy
fubrepiest	fubrepy
fubrepy	fubrepy
fubrerier	fubrery
fubreriest	fubrery
fubrery	fubrery
fubrethier	fubrethy
fubrethiest	fubrethy
fubrethy	fubrethy
fubretier	fubrety
fubretiest	fubrety
fubrety	fubrety
fubrevier	fubrevy
fubreviest	fubrevy
fubrevy	fubrevy
fubribier	fubriby
fubribiest	fubriby
fubriby	fubriby
fubrickier	fubricky
fubrickiest	fubricky
fubricky	fubricky
fubridier	fubridy
fubridiest	fubridy
fubridy	fubridy
fubrifier	fubrify
fubrifiest	fubrify
fubrify	fubrify
fubrigier	fubrigy
fubrigiest	fubrigy
fubrigy	fubrigy
fubrilier	fubrily
fubriliest	fubrily
fubrily	fubrily
fubrimier	fubrimy
fubrimiest	fubrimy
fubrimy	fubrimy
fubrinier	fubriny
fubriniest	fubriny
fubriny	fubriny
fubripier	fubripy
fubripiest	fubripy
fubripy	fubripy
fubririer	fubriry
fubririest	fubriry
fubriry	fubriry
fubrithier	fubrithy
fubrithiest	fubrithy
fubrithy	fubrithy
fubritier	fubrity
fubritiest	fubrity
fubrity	fubrity
fubrivier	fubrivy
fubriviest	fubrivy
fubrivy	fubrivy
fubrobier	fubroby
fubrobiest	fubroby
fubroby	fubroby
fubrockier	fubrocky
fubrockiest	fubrocky
fubrocky	fubrocky
fubrodier	fubrody
fubrodiest	fubrody
fubrody	fubrody
fubrofier	fubrofy
fubrofiest	fubrofy
fubrofy	fubrofy
fubrogier	fubrogy
fubrogiest	fubrogy
fubrogy	fubrogy
fubrolier	fubroly
fubroliest	fubroly
fubroly	fubroly
fubromier	fubromy
fubromiest	fubromy
fubromy	fubromy
fubronier	fubrony
fubroniest	fubrony
fubrony	fubrony
fubropier	fubropy
fubropiest	fubropy
fubropy	fubropy
fubrorier	fubrory
fubroriest	fubrory
fubrory	fubrory
fubrothier	fubrothy
fubrothiest	fubrothy
fubrothy	fubrothy
fubrotier	fubroty
fubrotiest	fubroty
fubroty	fubroty
fubrovier	fubrovy
fubroviest	fubrovy
fubrovy	fubrovy
fubrubier	fubruby
fubrubiest	fubruby
fubruby	fubruby
fubruckier	fubrucky
fubruckiest	fubrucky
fubrucky	fubrucky
fubrudier	fubrudy
fubrudiest	fubrudy
fubrudy	fubrudy
fubrufier	fubrufy
fubrufiest	fubrufy
fubrufy	fubrufy
fubrugier	fubrugy
fubrugiest	fubrugy
fubrugy	fubrugy
fubrulier	fubruly
fubruliest	fubruly
fubruly	fubruly
fubrumier	fubrumy
fubrumiest	fubrumy
fubrumy	fubrumy
fubrunier	fubruny
fubruniest	fubruny
fubruny	fubruny
fubrupier	fubrupy
fubrupiest	fubrupy
fubrupy	fubrupy
fubrurier	fubrury
fubruriest	fubrury
fubrury	fubrury
fubruthier	fubruthy
fubruthiest	fubruthy
fubruthy	fubruthy
fubrutier	fubruty
fubrutiest	fubruty
fubruty	fubruty
fubruvier	fubruvy
fubruviest	fubruvy
fubruvy	fubruvy
fububier	fububy
fububiest	fububy
fububy	fububy
fubuckier	fubucky
fubuckiest	fubucky
fubucky	fubucky
fubudier	fubudy
fubudiest	fubudy
fubudy	fubudy
fubufier	fubufy
fubufiest	fubufy
fubufy	fubufy
fubugier	fubugy
fubugiest	fubugy
fubugy	fubugy
fubulier	fubuly
fubuliest	fubuly
fubuly	fubuly
fubumier	fubumy
fubumiest	fubumy
fubumy	fubumy
fubunier	fubuny
fubuniest	fubuny
fubuny	fubuny
fubupier	fubupy
fubupiest	fubupy
fubupy	fubupy
fuburier	fubury
fuburiest	fubury
fubury	fubury
fubuthier	fubuthy
fubuthiest	fubuthy
fubuthy	fubuthy
fubutier	fubuty
fubutiest	fubuty
fubuty	fubuty
fubuvier	fubuvy
fubuviest	fubuvy
fubuvy	fubuvy
fuclabier	fuclaby
fuclabiest	fuclaby
fuclaby	fuclaby
fuclackier	fuclacky
fuclackiest	fuclacky
fuclacky	fuclacky
fucladier	fuclady
fucladiest	fuclady
fuclady	fuclady
fuclafier	fuclafy
fuclafiest	fuclafy
fuclafy	fuclafy
fuclagier	fuclagy
fuclagiest	fuclagy
fuclagy	fuclagy
fuclalier	fuclaly
fuclaliest	fuclaly
fuclaly	fuclaly
fuclamier	fuclamy
fuclamiest	fuclamy
fuclamy	fuclamy
fuclanier	fuclany
fuclaniest	fuclany
fuclany	fuclany
fuclapier	fuclapy
fuclapiest	fuclapy
fuclapy	fuclapy
fuclarier	fuclary
fuclariest	fuclary
fuclary	fuclary
fuclathier	fuclathy
fuclathiest	fuclathy
fuclathy	fuclathy
fuclatier	fuclaty
fuclatiest	fuclaty
fuclaty	fuclaty
fuclavier	fuclavy
fuclaviest	fuclavy
fuclavy	fuclavy
fuclebier	fucleby
fuclebiest	fucleby
fucleby	fucleby
fucleckier	fuclecky
fucleckiest	fuclecky
fuclecky	fuclecky
fucledier	fucledy
fuclediest	fucledy
fucledy	fucledy
fuclefier	fuclefy
fuclefiest	fuclefy
fuclefy	fuclefy
fuclegier	fuclegy
fuclegiest	fuclegy
fuclegy	fuclegy
fuclelier	fuclely
fucleliest	fuclely
fuclely	fuclely
fuclemier	fuclemy
fuclemiest	fuclemy
fuclemy	fuclemy
fuclenier	fucleny
fucleniest	fucleny
fucleny	fucleny
fuclepier	fuclepy
fuclepiest	fuclepy
fuclepy	fuclepy
fuclerier	fuclery
fucleriest	fuclery
fuclery	fuclery
fuclethier	fuclethy
fuclethiest	fuclethy
fuclethy	fuclethy
fucletier	fuclety
fucletiest	fuclety
fuclety	fuclety
fuclevier	fuclevy
fucleviest	fuclevy
fuclevy	fuclevy
fuclibier	fucliby
fuclibiest	fucliby
fucliby	fucliby
fuclickier	fuclicky
fuclickiest	fuclicky
fuclicky	fuclicky
fuclidier	fuclidy
fuclidiest	fuclidy
fuclidy	fuclidy
fuclifier	fuclify
fuclifiest	fuclify
fuclify	fuclify
fucligier	fucligy
fucligiest	fucligy
fucligy	fucligy
fuclilier	fuclily
fucliliest	fuclily
fuclily	fuclily
fuclimier	fuclimy
fuclimiest	fuclimy
fuclimy	fuclimy
fuclinier	fucliny
fucliniest	fucliny
fucliny	fucliny
fuclipier	fuclipy
fuclipiest	fuclipy
fuclipy	fuclipy
fuclirier	fucliry
fucliriest	fucliry
fucliry	fucliry
fuclithier	fuclithy
fuclithiest	fuclithy
fuclithy	fuclithy
fuclitier	fuclity
fuclitiest	fuclity
fuclity	fuclity
fuclivier	fuclivy
fucliviest	fuclivy
fuclivy	fuclivy
fuclobier	fucloby
fuclobiest	fucloby
fucloby	fucloby
fuclockier	fuclocky
fuclockiest	fuclocky
fuclocky	fuclocky
fuclodier	fuclody
fuclodiest	fuclody
fuclody	fuclody
fuclofier	fuclofy
fuclofiest	fuclofy
fuclofy	fuclofy
fuclogier	fuclogy
fuclogiest	fuclogy
fuclogy	fuclogy
fuclolier	fucloly
fucloliest	fucloly
fucloly	fucloly
fuclomier	fuclomy
fuclomiest	fuclomy
fuclomy	fuclomy
fuclonier	fuclony
fucloniest	fuclony
fuclony	fuclony
fuclopier	fuclopy
fuclopiest	fuclopy
fuclopy	fuclopy
fuclorier	fuclory
fucloriest	fuclory
fuclory	fuclory
fuclothier	fuclothy
fuclothiest	fuclothy
fuclothy	fuclothy
fuclotier	fucloty
fuclotiest	fucloty
fucloty	fucloty
fuclovier	fuclovy
fucloviest	fuclovy
fuclovy	fuclovy
fuclubier	fucluby
fuclubiest	fucluby
fucluby	fucluby
fucluckier	fuclucky
fucluckiest	fuclucky
fuclucky	fuclucky
fucludier	fucludy
fucludiest	fucludy
fucludy	fucludy
fuclufier	fuclufy
fuclufiest	fuclufy
fuclufy	fuclufy
fuclugier	fuclugy
fuclugiest	fuclugy
fuclugy	fuclugy
fuclulier	fucluly
fucluliest	fucluly
fucluly	fucluly
fuclumier	fuclumy
fuclumiest	fuclumy
fuclumy	fuclumy
fuclunier	fucluny
fucluniest	fucluny
fucluny	fucluny
fuclupier	fuclupy
fuclupiest	fuclupy
fuclupy	fuclupy
fuclurier	fuclury
fucluriest	fuclury
fuclury	fuclury
fucluthier	fucluthy
fucluthiest	fucluthy
fucluthy	fucluthy
fuclutier	fucluty
fuclutiest	fucluty
fucluty	fucluty
fucluvier	fucluvy
fucluviest	fucluvy
fucluvy	fucluvy
fucrabier	fucraby
fucrabiest	fucraby
fucraby	fucraby
fucrackier	fucracky
fucrackiest	fucracky
fucracky	fucracky
fucradier	fucrady
fucradiest	fucrady
fucrady	fucrady
fucrafier	fucrafy
fucrafiest	fucrafy
fucrafy	fucrafy
fucragier	fucragy
fucragiest	fucragy
fucragy	fucragy
fucralier	fucraly
fucraliest	fucraly
fucraly	fucraly
fucramier	fucramy
fucramiest	fucramy
fucramy	fucramy
fucranier	fucrany
fucraniest	fucrany
fucrany	fucrany
fucrapier	fucrapy
fucrapiest	fucrapy
fucrapy	fucrapy
fucrarier	fucrary
fucrariest	fucrary
fucrary	fucrary
fucrathier	fucrathy
fucrathiest	fucrathy
fucrathy	fucrathy
fucratier	fucraty
fucratiest	fucraty
fucraty	fucraty
fucravier	fucravy
fucraviest	fucravy
fucravy	fucravy
fucrebier	fucreby
fucrebiest	fucreby
fucreby	fucreby
fucreckier	fucrecky
fucreckiest	fucrecky
fucrecky	fucrecky
fucredier	fucredy
fucrediest	fucredy
fucredy	fucredy
fucrefier	fucrefy
fucrefiest	fucrefy
fucrefy	fucrefy
fucregier	fucregy
fucregiest	fucregy
fucregy	fucregy
fucrelier	fucrely
fucreliest	fucrely
fucrely	fucrely
fucremier	fucremy
fucremiest	fucremy
fucremy	fucremy
fucrenier	fucreny
fucreniest	fucreny
fucreny	fucreny
fucrepier	fucrepy
fucrepiest	fucrepy
fucrepy	fucrepy
fucrerier	fucrery
fucreriest	fucrery
fucrery	fucrery
fucrethier	fucrethy
fucrethiest	fucrethy
fucrethy	fucrethy
fucretier	fucrety
fucretiest	fucrety
fucrety	fucrety
fucrevier	fucrevy
fucreviest	fucrevy
fucrevy	fucrevy
fucribier	fucriby
fucribiest	fucriby
fucriby	fucriby
fucrickier	fucricky
fucrickiest	fucricky
fucricky	fucricky
fucridier	fucridy
fucridiest	fucridy
fucridy	fucridy
fucrifier	fucrify
fucrifiest	fucrify
fucrify	fucrify
fucrigier	fucrigy
fucrigiest	fucrigy
fucrigy	fucrigy
fucrilier	fucrily
fucriliest	fucrily
fucrily	fucrily
fucrimier	fucrimy
fucrimiest	fucrimy
fucrimy	fucrimy
fucrinier	fucriny
fucriniest	fucriny
fucriny	fucriny
fucripier	fucripy
fucripiest	fucripy
fucripy	fucripy
fucririer	fucriry
fucririest	fucriry
fucriry	fucriry
fucrithier	fucrithy
fucrithiest	fucrithy
fucrithy	fucrithy
fucritier	fucrity
fucritiest	fucrity
fucrity	fucrity
fucrivier	fucrivy
fucriviest	fucrivy
fucrivy	fucrivy
fucrobier	fucroby
fucrobiest	fucroby
fucroby	fucroby
fucrockier	fucrocky
fucrockiest	fucrocky
fucrocky	fucrocky
fucrodier	fucrody
fucrodiest	fucrody
fucrody	fucrody
fucrofier	fucrofy
fucrofiest	fucrofy
fucrofy	fucrofy
fucrogier	fucrogy
fucrogiest	fucrogy
fucrogy	fucrogy
fucrolier	fucroly
fucroliest	fucroly
fucroly	fucroly
fucromier	fucromy
fucromiest	fucromy
fucromy	fucromy
fucronier	fucrony
fucroniest	fucrony
fucrony	fucrony
fucropier	fucropy
fucropiest	fucropy
fucropy	fucropy
fucrorier	fucrory
fucroriest	fucrory
fucrory	fucrory
fucrothier	fucrothy
fucrothiest	fucrothy
fucrothy	fucrothy
fucrotier	fucroty
fucrotiest	fucroty
fucroty	fucroty
fucrovier	fucrovy
fucroviest	fucrovy
fucrovy	fucrovy
fucrubier	fucruby
fucrubiest	fucruby
fucruby	fucruby
fucruckier	fucrucky
fucruckiest	fucrucky
fucrucky	fucrucky
fucrudier	fucrudy
fucrudiest	fucrudy
fucrudy	fucrudy
fucrufier	fucrufy
fucrufiest	fucrufy
fucrufy	fucrufy
fucrugier	fucrugy
fucrugiest	fucrugy
fucrugy	fucrugy
fucrulier	fucruly
fucruliest	fucruly
fucruly	fucruly
fucrumier	fucrumy
fucrumiest	fucrumy
fucrumy	fucrumy
fucrunier	fucruny
fucruniest	fucruny
fucruny	fucruny
fucrupier	fucrupy
fucrupiest	fucrupy
fucrupy	fucrupy
fucrurier	fucrury
fucruriest	fucrury
fucrury	fucrury
fucruthier	fucruthy
fucruthiest	fucruthy
fucruthy	fucruthy
fucrutier	fucruty
fucrutiest	fucruty
fucruty	fucruty
fucruvier	fucruvy
fucruviest	fucruvy
fucruvy	fucruvy
fudabier	fudaby
fudabiest	fudaby
fudaby	fudaby
fudackier	fudacky
fudackiest	fudacky
fudacky	fudacky
fudadier	fudady
fudadiest	fudady
fudady	fudady
fudafier	fudafy
fudafiest	fudafy
fudafy	fudafy
fudagier	fudagy
fudagiest	fudagy
fudagy	fudagy
fudalier	fudaly
fudaliest	fudaly
fudaly	fudaly
fudamier	fudamy
fudamiest	fudamy
fudamy	fudamy
fudanier	fudany
fudaniest	fudany
fudany	fudany
fudapier	fudapy
fudapiest	fudapy
fudapy	fudapy
fudarier	fudary
fudariest	fudary
fudary	fudary
fudathier	fudathy
fudathiest	fudathy
fudathy	fudathy
fudatier	fudaty
fudatiest	fudaty
fudaty	fudaty
fudavier	fudavy
fudaviest	fudavy
fudavy	fudavy
fudebier	fudeby
fudebiest	fudeby
fudeby	fudeby
fudeckier	fudecky
fudeckiest	fudecky
fudecky	fudecky
fudedier	fudedy
fudediest	fudedy
fudedy	fudedy
fudefier	fudefy
fudefiest	fudefy
fudefy	fudefy
fudegier	fudegy
fudegiest	fudegy
fudegy	fudegy
fudelier	fudely
fudeliest	fudely
fudely	fudely
fudemier	fudemy
fudemiest	fudemy
fudemy	fudemy
fudethier	fudethy
fudethiest	fudethy
fudethy	fudethy
hobabe	hobabe
hobaber	hobabe
hobabest	hobabe
hobade	hobade
hobader	hobade
hobadest	hobade
hobafe	hobafe
hobafer	hobafe
hobafest	hobafe
hobage	hobage
hobager	hobage
hobagest	hobage
hobame	hobame
hobamer	hobame
hobamest	hobame
hobane	hobane
hobaner	hobane
hobanest	hobane
hobape	hobape
hobaper	hobape
hobapest	hobape
hobare	hobare
hobarer	hobare
hobarest	hobare
hobate	hobate
hobater	hobate
hobatest	hobate
hobave	hobave
hobaver	hobave
hobavest	hobave
hobebe	hobebe
hobeber	hobebe
hobebest	hobebe
hobede	hobede
hobeder	hobede
hobedest	hobede
hobefe	hobefe
hobefer	hobefe
hobefest	hobefe
hobege	hobege
hobeger	hobege
hobegest	hobege
hobeme	hobeme
hobemer	hobeme
hobemest	hobeme
hobene	hobene
hobener	hobene
hobenest	hobene
hobepe	hobepe
hobeper	hobepe
hobepest	hobepe
hobere	hobere
hoberer	hobere
hoberest	hobere
hobete	hobete
hobeter	hobete
hobetest	hobete
hobeve	hobeve
hobever	hobeve
hobevest	hobeve
hobibe	hobibe
hobiber	hobibe
hobibest	hobibe
hobide	hobide
hobider	hobide
hobidest	hobide
hobife	hobife
hobifer	hobife
hobifest	hobife
hobige	hobige
hobiger	hobige
hobigest	hobige
hobime	hobime
hobimer	hobime
hobimest	hobime
hobine	hobine
hobiner	hobine
hobinest	hobine
hobipe	hobipe
hobiper	hobipe
hobipest	hobipe
hobire	hobire
hobirer	hobire
hobirest	hobire
hobite	hobite
hobiter	hobite
hobitest	hobite
hobive	hobive
hobiver	hobive
hobivest	hobive
hoblabe	hoblabe
hoblaber	hoblabe
hoblabest	hoblabe
hoblade	hoblade
hoblader	hoblade
hobladest	hoblade
hoblafe	hoblafe
hoblafer	hoblafe
hoblafest	hoblafe
hoblage	hoblage
hoblager	hoblage
hoblagest	hoblage
hoblame	hoblame
hoblamer	hoblame
hoblamest	hoblame
hoblane	hoblane
hoblaner	hoblane
hoblanest	hoblane
hoblape	hoblape
hoblaper	hoblape
hoblapest	hoblape
hoblare	hoblare
hoblarer	hoblare
hoblarest	hoblare
hoblate	hoblate
hoblater	hoblate
hoblatest	hoblate
hoblave	hoblave
hoblaver	hoblave
hoblavest	hoblave
hoblebe	hoblebe
hobleber	hoblebe
hoblebest	hoblebe
hoblede	hoblede
hobleder	hoblede
hobledest	hoblede
hoblefe	hoblefe
hoblefer	hoblefe
hoblefest	hoblefe
hoblege	hoblege
hobleger	hoblege
hoblegest	hoblege
hobleme	hobleme
hoblemer	hobleme
hoblemest	hobleme
hoblene	hoblene
hoblener	hoblene
hoblenest	hoblene
hoblepe	hoblepe
hobleper	hoblepe
hoblepest	hoblepe
hoblere	hoblere
hoblerer	hoblere
hoblerest	hoblere
hoblete	hoblete
hobleter	hoblete
hobletest	hoblete
hobleve	hobleve
hoblever	hobleve
hoblevest	hobleve
hoblibe	hoblibe
hobliber	hoblibe
hoblibest	hoblibe
hoblide	hoblide
hoblider	hoblide
hoblidest	hoblide
hoblife	hoblife
hoblifer	hoblife
hoblifest	hoblife
hoblige	hoblige
hobliger	hoblige
hobligest	hoblige
hoblime	hoblime
hoblimer	hoblime
hoblimest	hoblime
hobline	hobline
hobliner	hobline
hoblinest	hobline
hoblipe	hoblipe
hobliper	hoblipe
hoblipest	hoblipe
hoblire	hoblire
hoblirer	hoblire
hoblirest	hoblire
hoblite	hoblite
hobliter	hoblite
hoblitest	hoblite
hoblive	hoblive
hobliver	hoblive
hoblivest	hoblive
hoblobe	hoblobe
hoblober	hoblobe
hoblobest	hoblobe
hoblode	hoblode
hobloder	hoblode
hoblodest	hoblode
hoblofe	hoblofe
hoblofer	hoblofe
hoblofest	hoblofe
hobloge	hobloge
hobloger	hobloge
hoblogest	hobloge
hoblome	hoblome
hoblomer	hoblome
hoblomest	hoblome
hoblone	hoblone
hobloner	hoblone
hoblonest	hoblone
hoblope	hoblope
hobloper	hoblope
hoblopest	hoblope
hoblore	hoblore
hoblorer	hoblore
hoblorest	hoblore
hoblote	hoblote
hobloter	hoblote
hoblotest	hoblote
hoblove	hoblove
hoblover	hoblove
hoblovest	hoblove
hoblube	hoblube
hobluber	hoblube
hoblubest	hoblube
hoblude	hoblude
hobluder	hoblude
hobludest	hoblude
hoblufe	hoblufe
hoblufer	hoblufe
hoblufest	hoblufe
hobluge	hobluge
hobluger	hobluge
hoblugest	hobluge
hoblume	hoblume
hoblumer	hoblume
hoblumest	hoblume
hoblune	hoblune
hobluner	hoblune
hoblunest	hoblune
hoblupe	hoblupe
hobluper	hoblupe
hoblupest	hoblupe
hoblure	hoblure
hoblurer	hoblure
hoblurest	hoblure
hoblute	hoblute
hobluter	hoblute
hoblutest	hoblute
hobluve	hobluve
hobluver	hobluve
hobluvest	hobluve
hobobe	hobobe
hobober	hobobe
hobobest	hobobe
hobode	hobode
hoboder	hobode
hobodest	hobode
hobofe	hobofe
hobofer	hobofe
hobofest	hobofe
hoboge	hoboge
hoboger	hoboge
hobogest	hoboge
hobome	hobome
hobomer	hobome
hobomest	hobome
hobone	hobone
hoboner	hobone
hobonest	hobone
hobope	hobope
hoboper	hobope
hobopest	hobope
hobore	hobore
hoborer	hobore
hoborest	hobore
hobote	hobote
hoboter	hobote
hobotest	hobote
hobove	hobove
hobover	hobove
hobovest	hobove
hobrabe	hobrabe
hobraber	hobrabe
hobrabest	hobrabe
hobrade	hobrade
hobrader	hobrade
hobradest	hobrade
hobrafe	hobrafe
hobrafer	hobrafe
hobrafest	hobrafe
hobrage	hobrage
hobrager	hobrage
hobragest	hobrage
hobrame	hobrame
hobramer	hobrame
hobramest	hobrame
hobrane	hobrane
hobraner	hobrane
hobranest	hobrane
hobrape	hobrape
hobraper	hobrape
hobrapest	hobrape
hobrare	hobrare
hobrarer	hobrare
hobrarest	hobrare
hobrate	hobrate
hobrater	hobrate
hobratest	hobrate
hobrave	hobrave
hobraver	hobrave
hobravest	hobrave
hobrebe	hobrebe
hobreber	hobrebe
hobrebest	hobrebe
hobrede	hobrede
hobreder	hobrede
hobredest	hobrede
hobrefe	hobrefe
hobrefer	hobrefe
hobrefest	hobrefe
hobrege	hobrege
hobreger	hobrege
hobregest	hobrege
hobreme	hobreme
hobremer	hobreme
hobremest	hobreme
hobrene	hobrene
hobrener	hobrene
hobrenest	hobrene
hobrepe	hobrepe
hobreper	hobrepe
hobrepest	hobrepe
hobrere	hobrere
hobrerer	hobrere
hobrerest	hobrere
hobrete	hobrete
hobreter	hobrete
hobretest	hobrete
hobreve	hobreve
hobrever	hobreve
hobrevest	hobreve
hobribe	hobribe
hobriber	hobribe
hobribest	hobribe
hobride	hobride
hobrider	hobride
hobridest	hobride
hobrife	hobrife
hobrifer	hobrife
hobrifest	hobrife
hobrige	hobrige
hobriger	hobrige
hobrigest	hobrige
hobrime	hobrime
hobrimer	hobrime
hobrimest	hobrime
hobrine	hobrine
hobriner	hobrine
hobrinest	hobrine
hobripe	hobripe
hobriper	hobripe
hobripest	hobripe
hobrire	hobrire
hobrirer	hobrire
hobrirest	hobrire
hobrite	hobrite
hobriter	hobrite
hobritest	hobrite
hobrive	hobrive
hobriver	hobrive
hobrivest	hobrive
hobrobe	hobrobe
hobrober	hobrobe
hobrobest	hobrobe
hobrode	hobrode
hobroder	hobrode
hobrodest	hobrode
hobrofe	hobrofe
hobrofer	hobrofe
hobrofest	hobrofe
hobroge	hobroge
hobroger	hobroge
hobrogest	hobroge
hobrome	hobrome
hobromer	hobrome
hobromest	hobrome
hobrone	hobrone
hobroner	hobrone
hobronest	hobrone
hobrope	hobrope
hobroper	hobrope
hobropest	hobrope
hobrore	hobrore
hobrorer	hobrore
hobrorest	hobrore
hobrote	hobrote
hobroter	hobrote
hobrotest	hobrote
hobrove	hobrove
hobrover	hobrove
hobrovest	hobrove
hobrube	hobrube
hobruber	hobrube
hobrubest	hobrube
hobrude	hobrude
hobruder	hobrude
hobrudest	hobrude
hobrufe	hobrufe
hobrufer	hobrufe
hobrufest	hobrufe
hobruge	hobruge
hobruger	hobruge
hobrugest	hobruge
hobrume	hobrume
hobrumer	hobrume
hobrumest	hobrume
hobrune	hobrune
hobruner	hobrune
hobrunest	hobrune
hobrupe	hobrupe
hobruper	hobrupe
hobrupest	hobrupe
hobrure	hobrure
hobrurer	hobrure
hobrurest	hobrure
hobrute	hobrute
hobruter	hobrute
hobrutest	hobrute
hobruve	hobruve
hobruver	hobruve
hobruvest	hobruve
hobube	hobube
hobuber	hobube
hobubest	hobube
hobude	hobude
hobuder	hobude
hobudest	hobude
hobufe	hobufe
hobufer	hobufe
hobufest	hobufe
hobuge	hobuge
hobuger	hobuge
hobugest	hobuge
hobume	hobume
hobumer	hobume
hobumest	hobume
hobune	hobune
hobuner	hobune
hobunest	hobune
hobupe	hobupe
hobuper	hobupe
hobupest	hobupe
hobure	hobure
hoburer	hobure
hoburest	hobure
hobute	hobute
hobuter	hobute
hobutest	hobute
hobuve	hobuve
hobuver	hobuve
hobuvest	hobuve
hoclabe	hoclabe
hoclaber	hoclabe
hoclabest	hoclabe
hoclade	hoclade
hoclader	hoclade
hocladest	hoclade
hoclafe	hoclafe
hoclafer	hoclafe
hoclafest	hoclafe
hoclage	hoclage
hoclager	hoclage
hoclagest	hoclage
hoclame	hoclame
hoclamer	hoclame
hoclamest	hoclame
hoclane	hoclane
hoclaner	hoclane
hoclanest	hoclane
hoclape	hoclape
hoclaper	hoclape
hoclapest	hoclape
hoclare	hoclare
hoclarer	hoclare
hoclarest	hoclare
hoclate	hoclate
hoclater	hoclate
hoclatest	hoclate
hoclave	hoclave
hoclaver	hoclave
hoclavest	hoclave
hoclebe	hoclebe
hocleber	hoclebe
hoclebest	hoclebe
hoclede	hoclede
hocleder	hoclede
hocledest	hoclede
hoclefe	hoclefe
hoclefer	hoclefe
hoclefest	hoclefe
hoclege	hoclege
hocleger	hoclege
hoclegest	hoclege
hocleme	hocleme
hoclemer	hocleme
hoclemest	hocleme
hoclene	hoclene
hoclener	hoclene
hoclenest	hoclene
hoclepe	hoclepe
hocleper	hoclepe
hoclepest	hoclepe
hoclere	hoclere
hoclerer	hoclere
hoclerest	hoclere
hoclete	hoclete
hocleter	hoclete
hocletest	hoclete
hocleve	hocleve
hoclever	hocleve
hoclevest	hocleve
hoclibe	hoclibe
hocliber	hoclibe
hoclibest	hoclibe
hoclide	hoclide
hoclider	hoclide
hoclidest	hoclide
hoclife	hoclife
hoclifer	hoclife
hoclifest	hoclife
hoclige	hoclige
hocliger	hoclige
hocligest	hoclige
hoclime	hoclime
hoclimer	hoclime
hoclimest	hoclime
hocline	hocline
hocliner	hocline
hoclinest	hocline
hoclipe	hoclipe
hocliper	hoclipe
hoclipest	hoclipe
hoclire	hoclire
hoclirer	hoclire
hoclirest	hoclire
hoclite	hoclite
hocliter	hoclite
hoclitest	hoclite
hoclive	hoclive
hocliver	hoclive
hoclivest	hoclive
hoclobe	hoclobe
hoclober	hoclobe
hoclobest	hoclobe
hoclode	hoclode
hocloder	hoclode
hoclodest	hoclode
hoclofe	hoclofe
hoclofer	hoclofe
hoclofest	hoclofe
hocloge	hocloge
hocloger	hocloge
hoclogest	hocloge
hoclome	hoclome
hoclomer	hoclome
hoclomest	hoclome
hoclone	hoclone
hocloner	hoclone
hoclonest	hoclone
hoclope	hoclope
hocloper	hoclope
hoclopest	hoclope
hoclore	hoclore
hoclorer	hoclore
hoclorest	hoclore
hoclote	hoclote
hocloter	hoclote
hoclotest	hoclote
hoclove	hoclove
hoclover	hoclove
hoclovest	hoclove
hoclube	hoclube
hocluber	hoclube
hoclubest	hoclube
hoclude	hoclude
hocluder	hoclude
hocludest	hoclude
hoclufe	hoclufe
hoclufer	hoclufe
hoclufest	hoclufe
hocluge	hocluge
hocluger	hocluge
hoclugest	hocluge
hoclume	hoclume
hoclumer	hoclume
hoclumest	hoclume
hoclune	hoclune
hocluner	hoclune
hoclunest	hoclune
hoclupe	hoclupe
hocluper	hoclupe
hoclupest	hoclupe
hoclure	hoclure
hoclurer	hoclure
hoclurest	hoclure
hoclute	hoclute
hocluter	hoclute
hoclutest	hoclute
hocluve	hocluve
hocluver	hocluve
hocluvest	hocluve
hocrabe	hocrabe
hocraber	hocrabe
hocrabest	hocrabe
hocrade	hocrade
hocrader	hocrade
hocradest	hocrade
hocrafe	hocrafe
hocrafer	hocrafe
hocrafest	hocrafe
hocrage	hocrage
hocrager	hocrage
hocragest	hocrage
hocrame	hocrame
hocramer	hocrame
hocramest	hocrame
hocrane	hocrane
hocraner	hocrane
hocranest	hocrane
hocrape	hocrape
hocraper	hocrape
hocrapest	hocrape
hocrare	hocrare
hocrarer	hocrare
hocrarest	hocrare
hocrate	hocrate
hocrater	hocrate
hocratest	hocrate
hocrave	hocrave
hocraver	hocrave
hocravest	hocrave
hocrebe	hocrebe
hocreber	hocrebe
hocrebest	hocrebe
hocrede	hocrede
hocreder	hocrede
hocredest	hocrede
hocrefe	hocrefe
hocrefer	hocrefe
hocrefest	hocrefe
hocrege	hocrege
hocreger	hocrege
hocregest	hocrege
hocreme	hocreme
hocremer	hocreme
hocremest	hocreme
hocrene	hocrene
hocrener	hocrene
hocrenest	hocrene
hocrepe	hocrepe
hocreper	hocrepe
hocrepest	hocrepe
hocrere	hocrere
hocrerer	hocrere
hocrerest	hocrere
hocrete	hocrete
hocreter	hocrete
hocretest	hocrete
hocreve	hocreve
hocrever	hocreve
hocrevest	hocreve
hocribe	hocribe
hocriber	hocribe
hocribest	hocribe
hocride	hocride
hocrider	hocride
hocridest	hocride
hocrife	hocrife
hocrifer	hocrife
hocrifest	hocrife
hocrige	hocrige
hocriger	hocrige
hocrigest	hocrige
hocrime	hocrime
hocrimer	hocrime
hocrimest	hocrime
hocrine	hocrine
hocriner	hocrine
hocrinest	hocrine
hocripe	hocripe
hocriper	hocripe
hocripest	hocripe
hocrire	hocrire
hocrirer	hocrire
hocrirest	hocrire
hocrite	hocrite
hocriter	hocrite
hocritest	hocrite
hocrive	hocrive
hocriver	hocrive
hocrivest	hocrive
hocrobe	hocrobe
hocrober	hocrobe
hocrobest	hocrobe
hocrode	hocrode
hocroder	hocrode
hocrodest	hocrode
hocrofe	hocrofe
hocrofer	hocrofe
hocrofest	hocrofe
hocroge	hocroge
hocroger	hocroge
hocrogest	hocroge
hocrome	hocrome
hocromer	hocrome
hocromest	hocrome
hocrone	hocrone
hocroner	hocrone
hocronest	hocrone
hocrope	hocrope
hocroper	hocrope
hocropest	hocrope
hocrore	hocrore
hocrorer	hocrore
hocrorest	hocrore
hocrote	hocrote
hocroter	hocrote
hocrotest	hocrote
hocrove	hocrove
hocrover	hocrove
hocrovest	hocrove
hocrube	hocrube
hocruber	hocrube
hocrubest	hocrube
hocrude	hocrude
hocruder	hocrude
hocrudest	hocrude
hocrufe	hocrufe
hocrufer	hocrufe
hocrufest	hocrufe
hocruge	hocruge
hocruger	hocruge
hocrugest	hocruge
hocrume	hocrume
hocrumer	hocrume
hocrumest	hocrume
hocrune	hocrune
hocruner	hocrune
hocrunest	hocrune
hocrupe	hocrupe
hocruper	hocrupe
hocrupest	hocrupe
hocrure	hocrure
hocrurer	hocrure
hocrurest	hocrure
hocrute	hocrute
hocruter	hocrute
hocrutest	hocrute
hocruve	hocruve
hocruver	hocruve
hocruvest	hocruve
hodabe	hodabe
hodaber	hodabe
hodabest	hodabe
hodade	hodade
hodader	hodade
hodadest	hodade
hodafe	hodafe
hodafer	hodafe
hodafest	hodafe
hodage	hodage
hodager	hodage
hodagest	hodage
hodame	hodame
hodamer	hodame
hodamest	hodame
hodane	hodane
hodaner	hodane
hodanest	hodane
hodape	hodape
hodaper	hodape
hodapest	hodape
hodare	hodare
hodarer	hodare
hodarest	hodare
hodate	hodate
hodater	hodate
hodatest	hodate
hodave	hodave
hodaver	hodave
hodavest	hodave
hodebe	hodebe
hodeber	hodebe
hodebest	hodebe
hodede	hodede
hodeder	hodede
hodedest	hodede
hodefe	hodefe
hodefer	hodefe
hodefest	hodefe
hodege	hodege
hodeger	hodege
hodegest	hodege
hodeme	hodeme
hodemer	hodeme
hodemest	hodeme
hodene	hodene
hodener	hodene
hodenest	hodene
hodepe	hodepe
hodeper	hodepe
hodepest	hodepe
hodere	hodere
hoderer	hodere
hoderest	hodere
hodete	hodete
hodeter	hodete
hodetest	hodete
hodeve	hodeve
hodever	hodeve
hodevest	hodeve
hodibe	hodibe
hodiber	hodibe
hodibest	hodibe
hodide	hodide
hodider	hodide
hodidest	hodide
hodife	hodife
hodifer	hodife
hodifest	hodife
hodige	hodige
hodiger	hodige
hodigest	hodige
hodime	hodime
hodimer	hodime
hodimest	hodime
hodine	hodine
hodiner	hodine
hodinest	hodine
hodipe	hodipe
hodiper	hodipe
hodipest	hodipe
hodire	hodire
hodirer	hodire
hodirest	hodire
hodite	hodite
hoditer	hodite
hoditest	hodite
hodive	hodive
hodiver	hodive
hodivest	hodive
hodobe	hodobe
hodober	hodobe
hodobest	hodobe
hodode	hodode
hododer	hodode
hododest	hodode
hodofe	hodofe
hodofer	hodofe
hodofest	hodofe
hodoge	hodoge
hodoger	hodoge
hodogest	hodoge
hodome	hodome
hodomer	hodome
hodomest	hodome
hodone	hodone
hodoner	hodone
hodonest	hodone
hodope	hodope
hodoper	hodope
hodopest	hodope
hodore	hodore
hodorer	hodore
hodorest	hodore
hodote	hodote
hodoter	hodote
hodotest	hodote
hodove	hodove
hodover	hodove
hodovest	hodove
hodrabe	hodrabe
hodraber	hodrabe
hodrabest	hodrabe
hodrade	hodrade
hodrader	hodrade
hodradest	hodrade
hodrafe	hodrafe
hodrafer	hodrafe
hodrafest	hodrafe
hodrage	hodrage
hodrager	hodrage
hodragest	hodrage
hodrame	hodrame
hodramer	hodrame
hodramest	hodrame
hodrane	hodrane
hodraner	hodrane
hodranest	hodrane
hodrape	hodrape
hodraper	hodrape
hodrapest	hodrape
hodrare	hodrare
hodrarer	hodrare
hodrarest	hodrare
hodrate	hodrate
hodrater	hodrate
hodratest	hodrate
hodrave	hodrave
hodraver	hodrave
hodravest	hodrave
hodrebe	hodrebe
hodreber	hodrebe
hodrebest	hodrebe
hodrede	hodrede
hodreder	hodrede
hodredest	hodrede
hodrefe	hodrefe
hodrefer	hodrefe
hodrefest	hodrefe
hodrege	hodrege
hodreger	hodrege
hodregest	hodrege
hodreme	hodreme
hodremer	hodreme
hodremest	hodreme
hodrene	hodrene
hodrener	hodrene
hodrenest	hodrene
hodrepe	hodrepe
hodreper	hodrepe
hodrepest	hodrepe
hodrere	hodrere
hodrerer	hodrere
hodrerest	hodrere
hodrete	hodrete
hodreter	hodrete
hodretest	hodrete
hodreve	hodreve
hodrever	hodreve
hodrevest	hodreve
hodribe	hodribe
hodriber	hodribe
hodribest	hodribe
hodride	hodride
hodrider	hodride
hodridest	hodride
hodrife	hodrife
hodrifer	hodrife
hodrifest	hodrife
hodrige	hodrige
hodriger	hodrige
hodrigest	hodrige
hodrime	hodrime
hodrimer	hodrime
hodrimest	hodrime
hodrine	hodrine
hodriner	hodrine
hodrinest	hodrine
hodripe	hodripe
hodriper	hodripe
hodripest	hodripe
hodrire	hodrire
hodrirer	hodrire
hodrirest	hodrire
hodrite	hodrite
hodriter	hodrite
hodritest	hodrite
hodrive	hodrive
hodriver	hodrive
hodrivest	hodrive
hodrobe	hodrobe
hodrober	hodrobe
hodrobest	hodrobe
hodrode	hodrode
hodroder	hodrode
hodrodest	hodrode
hodrofe	hodrofe
hodrofer	hodrofe
hodrofest	hodrofe
hodroge	hodroge
hodroger	hodroge
hodrogest	hodroge
hodrome	hodrome
hodromer	hodrome
hodromest	hodrome
hodrone	hodrone
hodroner	hodrone
hodronest	hodrone
hodrope	hodrope
hodroper	hodrope
hodropest	hodrope
hodrore	hodrore
hodrorer	hodrore
hodrorest	hodrore
hodrote	hodrote
hodroter	hodrote
hodrotest	hodrote
hodrove	hodrove
hodrover	hodrove
hodrovest	hodrove
hodrube	hodrube
hodruber	hodrube
hodrubest	hodrube
hodrude	hodrude
hodruder	hodrude
hodrudest	hodrude
hodrufe	hodrufe
hodrufer	hodrufe
hodrufest	hodrufe
hodruge	hodruge
hodruger	hodruge
hodrugest	hodruge
hodrume	hodrume
hodrumer	hodrume
hodrumest	hodrume
hodrune	hodrune
hodruner	hodrune
hodrunest	hodrune
hodrupe	hodrupe
hodruper	hodrupe
hodrupest	hodrupe
hodrure	hodrure
hodrurer	hodrure
hodrurest	hodrure
hodrute	hodrute
hodruter	hodrute
hodrutest	hodrute
hodruve	hodruve
hodruver	hodruve
hodruvest	hodruve
hodube	hodube
hoduber	hodube
hodubest	hodube
hodude	hodude
hoduder	hodude
hodudest	hodude
hodufe	hodufe
hodufer	hodufe
hodufest	hodufe
hoduge	hoduge
hoduger	hoduge
hodugest	hoduge
hodume	hodume
hodumer	hodume
hodumest	hodume
hodune	hodune
hoduner	hodune
hodunest	hodune
hodupe	hodupe
hoduper	hodupe
hodupest	hodupe
hodure	hodure
hodurer	hodure
hodurest	hodure
hodute	hodute
hoduter	hodute
hodutest	hodute
hoduve	hoduve
hoduver	hoduve
hoduvest	hoduve
hodwabe	hodwabe
hodwaber	hodwabe
hodwabest	hodwabe
hodwade	hodwade
hodwader	hodwade
hodwadest	hodwade
hodwafe	hodwafe
hodwafer	hodwafe
hodwafest	hodwafe
hodwage	hodwage
hodwager	hodwage
hodwagest	hodwage
hodwame	hodwame
hodwamer	hodwame
hodwamest	hodwame
hodwane	hodwane
hodwaner	hodwane
hodwanest	hodwane
hodwape	hodwape
hodwaper	hodwape
hodwapest	hodwape
hodware	hodware
hodwarer	hodware
hodwarest	hodware
hodwate	hodwate
hodwater	hodwate
hodwatest	hodwate
hodwave	hodwave
hodwaver	hodwave
hodwavest	hodwave
hodwebe	hodwebe
hodweber	hodwebe
hodwebest	hodwebe
hodwede	hodwede
hodweder	hodwede
hodwedest	hodwede
hodwefe	hodwefe
hodwefer	hodwefe
hodwefest	hodwefe
hodwege	hodwege
hodweger	hodwege
hodwegest	hodwege
hodweme	hodweme
hodwemer	hodweme
hodwemest	hodweme
hodwene	hodwene
hodwener	hodwene
hodwenest	hodwene
hodwepe	hodwepe
hodweper	hodwepe
hodwepest	hodwepe
hodwere	hodwere
hodwerer	hodwere
hodwerest	hodwere
hodwete	hodwete
hodweter	hodwete
hodwetest	hodwete
hodweve	hodweve
hodwever	hodweve
hodwevest	hodweve
hodwibe	hodwibe
hodwiber	hodwibe
hodwibest	hodwibe
hodwide	hodwide
hodwider	hodwide
hodwidest	hodwide
hodwife	hodwife
hodwifer	hodwife
hodwifest	hodwife
hodwige	hodwige
hodwiger	hodwige
hodwigest	hodwige
hodwime	hodwime
hodwimer	hodwime
hodwimest	hodwime
hodwine	hodwine
hodwiner	hodwine
hodwinest	hodwine
hodwipe	hodwipe
hodwiper	hodwipe
hodwipest	hodwipe
hodwire	hodwire
hodwirer	hodwire
hodwirest	hodwire
hodwite	hodwite
hodwiter	hodwite
hodwitest	hodwite
hodwive	hodwive
hodwiver	hodwive
hodwivest	hodwive
hodwobe	hodwobe
hodwober	hodwobe
hodwobest	hodwobe
hodwode	hodwode
hodwoder	hodwode
hodwodest	hodwode
hodwofe	hodwofe
hodwofer	hodwofe
hodwofest	hodwofe
hodwoge	hodwoge
hodwoger	hodwoge
hodwogest	hodwoge
hodwome	hodwome
hodwomer	hodwome
hodwomest	hodwome
hodwone	hodwone
hodwoner	hodwone
hodwonest	hodwone
hodwope	hodwope
hodwoper	hodwope
hodwopest	hodwope
hodwore	hodwore
hodworer	hodwore
hodworest	hodwore
hodwote	hodwote
hodwoter	hodwote
hodwotest	hodwote
hodwove	hodwove
hodwover	hodwove
hodwovest	hodwove
hodwube	hodwube
hodwuber	hodwube
hodwubest	hodwube
hodwude	hodwude
hodwuder	hodwude
hodwudest	hodwude
hodwufe	hodwufe
hodwufer	hodwufe
hodwufest	hodwufe
hodwuge	hodwuge
hodwuger	hodwuge
hodwugest	hodwuge
hodwume	hodwume
hodwumer	hodwume
hodwumest	hodwume
hodwune	hodwune
hodwuner	hodwune
hodwunest	hodwune
hodwupe	hodwupe
hodwuper	hodwupe
hodwupest	hodwupe
hodwure	hodwure
hodwurer	hodwure
hodwurest	hodwure
hodwute	hodwute
hodwuter	hodwute
hodwutest	hodwute
kabab	kabab
kababbed	kabab
kababbing	kabab
kababs	kabab
kabad	kabad
kabadded	kabad
kabadding	kabad
kabads	kabad
kabaf	kabaf
kabaffed	kabaf
kabaffing	kabaf
kabafs	kabaf
kabag	kabag
kabagged	kabag
kabagging	kabag
kabags	kabag
kabam	kabam
kabammed	kabam
kabamming	kabam
kabams	kabam
kaban	kaban
kabanned	kaban
kabanning	kaban
kabans	kaban
kabap	kabap
kabapped	kabap
kabapping	kabap
kabaps	kabap
kabar	kabar
kabarred	kabar
kabarring	kabar
kabars	kabar
kabat	kabat
kabats	kabat
kabatted	kabat
kabatting	kabat
kabav	kabav
kabavs	kabav
kabavved	kabav
kabavving	kabav
kabeb	kabeb
kabebbed	kabeb
kabebbing	kabeb
kabebs	kabeb
kabef	kabef
kabeffed	kabef
kabeffing	kabef
kabefs	kabef
kabeg	kabeg
kabegged	kabeg
kabegging	kabeg
kabegs	kabeg
kabem	kabem
kabemmed	kabem
kabemming	kabem
kabems	kabem
kaben	kaben
kabenned	kaben
kabenning	kaben
kabens	kaben
kabep	kabep
kabepped	kabep
kabepping	kabep
kabeps	kabep
kabet	kabet
kabets	kabet
kabetted	kabet
kabetting	kabet
kabev	kabev
kabevs	kabev
kabevved	kabev
kabevving	kabev
kabib	kabib
kabibbed	kabib
kabibbing	kabib
kabibs	kabib
kabid	kabid
kabidded	kabid
kabidding	kabid
kabids	kabid
kabif	kabif
kabiffed	kabif
kabiffing	kabif
kabifs	kabif
kabig	kabig
kabigged	kabig
kabigging	kabig
kabigs	kabig
kabim	kabim
kabimmed	kabim
kabimming	kabim
kabims	kabim
kabin	kabin
kabinned	kabin
kabinning	kabin
kabins	kabin
kabip	kabip
kabipped	kabip
kabipping	kabip
kabips	kabip
kabir	kabir
kabirred	kabir
kabirring	kabir
kabirs	kabir
kabit	kabit
kabits	kabit
kabitted	kabit
kabitting	kabit
kabiv	kabiv
kabivs	kabiv
kabivved	kabiv
kabivving	kabiv
kablab	kablab
kablabbed	kablab
kablabbing	kablab
kablabs	kablab
kablad	kablad
kabladded	kablad
kabladding	kablad
kablads	kablad
kablaf	kablaf
kablaffed	kablaf
kablaffing	kablaf
kablafs	kablaf
kablag	kablag
kablagged	kablag
kablagging	kablag
kablags	kablag
kablam	kablam
kablammed	kablam
kablamming	kablam
kablams	kablam
kablan	kablan
kablanned	kablan
kablanning	kablan
kablans	kablan
kablap	kablap
kablapped	kablap
kablapping	kablap
kablaps	kablap
kablar	kablar
kablarred	kablar
kablarring	kablar
kablars	kablar
kablat	kablat
kablats	kablat
kablatted	kablat
kablatting	kablat
kablav	kablav
kablavs	kablav
kablavved	kablav
kablavving	kablav
kableb	kableb
kablebbed	kableb
kablebbing	kableb
kablebs	kableb
kablef	kablef
kableffed	kablef
kableffing	kablef
kablefs	kablef
kableg	kableg
kablegged	kableg
kablegging	kableg
kablegs	kableg
kablem	kablem
kablemmed	kablem
kablemming	kablem
kablems	kablem
kablen	kablen
kablenned	kablen
kablenning	kablen
kablens	kablen
kablep	kablep
kablepped	kablep
kablepping	kablep
kableps	kablep
kablet	kablet
kablets	kablet
kabletted	kablet
kabletting	kablet
kablev	kablev
kablevs	kablev
kablevved	kablev
kablevving	kablev
kablib	kablib
kablibbed	kablib
kablibbing	kablib
kablibs	kablib
kablid	kablid
kablidded	kablid
kablidding	kablid
kablids	kablid
kablif	kablif
kabliffed	kablif
kabliffing	kablif
kablifs	kablif
kablig	kablig
kabligged	kablig
kabligging	kablig
kabligs	kablig
kablim	kablim
kablimmed	kablim
kablimming	kablim
kablims	kablim
kablin	kablin
kablinned	kablin
kablinning	kablin
kablins	kablin
kablip	kablip
kablipped	kablip
kablipping	kablip
kablips	kablip
kablir	kablir
kablirred	kablir
kablirring	kablir
kablirs	kablir
kablit	kablit
kablits	kablit
kablitted	kablit
kablitting	kablit
kabliv	kabliv
kablivs	kabliv
kablivved	kabliv
kablivving	kabliv
kablob	kablob
kablobbed	kablob
kablobbing	kablob
kablobs	kablob
kablod	kablod
kablodded	kablod
kablodding	kablod
kablods	kablod
kablof	kablof
kabloffed	kablof
kabloffing	kablof
kablofs	kablof
kablog	kablog
kablogged	kablog
kablogging	kablog
kablogs	kablog
kablom	kablom
kablommed	kablom
kablomming	kablom
kabloms	kablom
kablon	kablon
kablonned	kablon
kablonning	kablon
kablons	kablon
kablop	kablop
kablopped	kablop
kablopping	kablop
kablops	kablop
kablor	kablor
kablorred	kablor
kablorring	kablor
kablors	kablor
kablot	kablot
kablots	kablot
kablotted	kablot
kablotting	kablot
kablov	kablov
kablovs	kablov
kablovved	kablov
kablovving	kablov
kablub	kablub
kablubbed	kablub
kablubbing	kablub
kablubs	kablub
kablud	kablud
kabludded	kablud
kabludding	kablud
kabluds	kablud
kabluf	kabluf
kabluffed	kabluf
kabluffing	kabluf
kablufs	kabluf
kablug	kablug
kablugged	kablug
kablugging	kablug
kablugs	kablug
kablum	kablum
kablummed	kablum
kablumming	kablum
kablums	kablum
kablun	kablun
kablunned	kablun
kablunning	kablun
kabluns	kablun
kablup	kablup
kablupped	kablup
kablupping	kablup
kablups	kablup
kablur	kablur
kablurred	kablur
kablurring	kablur
kablurs	kablur
kablut	kablut
kabluts	kablut
kablutted	kablut
kablutting	kablut
kabluv	kabluv
kabluvs	kabluv
kabluvved	kabluv
kabluvving	kabluv
kabob	kabob
kabobbed	kabob
kabobbing	kabob
kabobs	kabob
kabod	kabod
kabodded	kabod
kabodding	kabod
kabods	kabod
kabof	kabof
kaboffed	kabof
kaboffing	kabof
kabofs	kabof
kabog	kabog
kabogged	kabog
kabogging	kabog
kabogs	kabog
kabom	kabom
kabommed	kabom
kabomming	kabom
kaboms	kabom
kabon	kabon
kabonned	kabon
kabonning	kabon
kabons	kabon
kabop	kabop
kabopped	kabop
kabopping	kabop
kabops	kabop
kabor	kabor
kaborred	kabor
kaborring	kabor
kabors	kabor
kabot	kabot
kabots	kabot
kabotted	kabot
kabotting	kabot
kabov	kabov
kabovs	kabov
kabovved	kabov
kabovving	kabov
kabrab	kabrab
kabrabbed	kabrab
kabrabbing	kabrab
kabrabs	kabrab
kabrad	kabrad
kabradded	kabrad
kabradding	kabrad
kabrads	kabrad
kabraf	kabraf
kabraffed	kabraf
kabraffing	kabraf
kabrafs	kabraf
kabrag	kabrag
kabragged	kabrag
kabragging	kabrag
kabrags	kabrag
kabram	kabram
kabrammed	kabram
kabramming	kabram
kabrams	kabram
kabran	kabran
kabranned	kabran
kabranning	kabran
kabrans	kabran
kabrap	kabrap
kabrapped	kabrap
kabrapping	kabrap
kabraps	kabrap
kabrar	kabrar
kabrarred	kabrar
kabrarring	kabrar
kabrars	kabrar
kabrat	kabrat
kabrats	kabrat
kabratted	kabrat
kabratting	kabrat
kabrav	kabrav
kabravs	kabrav
kabravved	kabrav
kabravving	kabrav
kabreb	kabreb
kabrebbed	kabreb
kabrebbing	kabreb
kabrebs	kabreb
kabref	kabref
kabreffed	kabref
kabreffing	kabref
kabrefs	kabref
kabreg	kabreg
kabregged	kabreg
kabregging	kabreg
kabregs	kabreg
kabrem	kabrem
kabremmed	kabrem
kabremming	kabrem
kabrems	kabrem
kabren	kabren
kabrenned	kabren
kabrenning	kabren
kabrens	kabren
kabrep	kabrep
kabrepped	kabrep
kabrepping	kabrep
kabreps	kabrep
kabret	kabret
kabrets	kabret
kabretted	kabret
kabretting	kabret
kabrev	kabrev
kabrevs	kabrev
kabrevved	kabrev
kabrevving	kabrev
kabrib	kabrib
kabribbed	kabrib
kabribbing	kabrib
kabribs	kabrib
kabrid	kabrid
kabridded	kabrid
kabridding	kabrid
kabrids	kabrid
kabrif	kabrif
kabriffed	kabrif
kabriffing	kabrif
kabrifs	kabrif
kabrig	kabrig
kabrigged	kabrig
kabrigging	kabrig
kabrigs	kabrig
kabrim	kabrim
kabrimmed	kabrim
kabrimming	kabrim
kabrims	kabrim
kabrin	kabrin
kabrinned	kabrin
kabrinning	kabrin
kabrins	kabrin
kabrip	kabrip
kabripped	kabrip
kabripping	kabrip
kabrips	kabrip
kabrir	kabrir
kabrirred	kabrir
kabrirring	kabrir
kabrirs	kabrir
kabrit	kabrit
kabrits	kabrit
kabritted	kabrit
kabritting	kabrit
kabriv	kabriv
kabrivs	kabriv
kabrivved	kabriv
kabrivving	kabriv
kabrob	kabrob
kabrobbed	kabrob
kabrobbing	kabrob
kabrobs	kabrob
kabrod	kabrod
kabrodded	kabrod
kabrodding	kabrod
kabrods	kabrod
kabrof	kabrof
kabroffed	kabrof
kabroffing	kabrof
kabrofs	kabrof
kabrog	kabrog
kabrogged	kabrog
kabrogging	kabrog
kabrogs	kabrog
kabrom	kabrom
kabrommed	kabrom
kabromming	kabrom
kabroms	kabrom
kabron	kabron
kabronned	kabron
kabronning	kabron
kabrons	kabron
kabrop	kabrop
kabropped	kabrop
kabropping	kabrop
kabrops	kabrop
kabror	kabror
kabrorred	kabror
kabrorring	kabror
kabrors	kabror
kabrot	kabrot
kabrots	kabrot
kabrotted	kabrot
kabrotting	kabrot
kabrov	kabrov
kabrovs	kabrov
kabrovved	kabrov
kabrovving	kabrov
kabrub	kabrub
kabrubbed	kabrub
kabrubbing	kabrub
kabrubs	kabrub
kabrud	kabrud
kabrudded	kabrud
kabrudding	kabrud
kabruds	kabrud
kabruf	kabruf
kabruffed	kabruf
kabruffing	kabruf
kabrufs	kabruf
kabrug	kabrug
kabrugged	kabrug
kabrugging	kabrug
kabrugs	kabrug
kabrum	kabrum
kabrummed	kabrum
kabrumming	kabrum
kabrums	kabrum
kabrun	kabrun
kabrunned	kabrun
kabrunning	kabrun
kabruns	kabrun
kabrup	kabrup
kabrupped	kabrup
kabrupping	kabrup
kabrups	kabrup
kabrur	kabrur
kabrurred	kabrur
kabrurring	kabrur
kabrurs	kabrur
kabrut	kabrut
kabruts	kabrut
kabrutted	kabrut
kabrutting	kabrut
kabruv	kabruv
kabruvs	kabruv
kabruvved	kabruv
kabruvving	kabruv
kabub	kabub
kabubbed	kabub
kabubbing	kabub
kabubs	kabub
kabud	kabud
kabudded	kabud
kabudding	kabud
kabuds	kabud
kabuf	kabuf
kabuffed	kabuf
kabuffing	kabuf
kabufs	kabuf
kabug	kabug
kabugged	kabug
kabugging	kabug
kabugs	kabug
kabum	kabum
kabummed	kabum
kabumming	kabum
kabums	kabum
kabun	kabun
kabunned	kabun
kabunning	kabun
kabuns	kabun
kabup	kabup
kabupped	kabup
kabupping	kabup
kabups	kabup
kabur	kabur
kaburred	kabur
kaburring	kabur
kaburs	kabur
kabut	kabut
kabuts	kabut
kabutted	kabut
kabutting	kabut
kabuv	kabuv
kabuvs	kabuv
kabuvved	kabuv
kabuvving	kabuv
kaclab	kaclab
kaclabbed	kaclab
kaclabbing	kaclab
kaclabs	kaclab
kaclad	kaclad
kacladded	kaclad
kacladding	kaclad
kaclads	kaclad
kaclaf	kaclaf
kaclaffed	kaclaf
kaclaffing	kaclaf
kaclafs	kaclaf
kaclag	kaclag
kaclagged	kaclag
kaclagging	kaclag
kaclags	kaclag
kaclam	kaclam
kaclammed	kaclam
kaclamming	kaclam
kaclams	kaclam
kaclan	kaclan
kaclanned	kaclan
kaclanning	kaclan
kaclans	kaclan
kaclap	kaclap
kaclapped	kaclap
kaclapping	kaclap
kaclaps	kaclap
kaclar	kaclar
kaclarred	kaclar
kaclarring	kaclar
kaclars	kaclar
kaclat	kaclat
kaclats	kaclat
kaclatted	kaclat
kaclatting	kaclat
kaclav	kaclav
kaclavs	kaclav
kaclavved	kaclav
kaclavving	kaclav
kacleb	kacleb
kaclebbed	kacleb
kaclebbing	kacleb
kaclebs	kacleb
kaclef	kaclef
kacleffed	kaclef
kacleffing	kaclef
kaclefs	kaclef
kacleg	kacleg
kaclegged	kacleg
kaclegging	kacleg
kaclegs	kacleg
kaclem	kaclem
kaclemmed	kaclem
kaclemming	kaclem
kaclems	kaclem
kaclen	kaclen
kaclenned	kaclen
kaclenning	kaclen
kaclens	kaclen
kaclep	kaclep
kaclepped	kaclep
kaclepping	kaclep
kacleps	kaclep
kaclet	kaclet
kaclets	kaclet
kacletted	kaclet
kacletting	kaclet
kaclev	kaclev
kaclevs	kaclev
kaclevved	kaclev
kaclevving	kaclev
kaclib	kaclib
kaclibbed	kaclib
kaclibbing	kaclib
kaclibs	kaclib
kaclid	kaclid
kaclidded	kaclid
kaclidding	kaclid
kaclids	kaclid
kaclif	kaclif
kacliffed	kaclif
kacliffing	kaclif
kaclifs	kaclif
kaclig	kaclig
kacligged	kaclig
kacligging	kaclig
kacligs	kaclig
kaclim	kaclim
kaclimmed	kaclim
kaclimming	kaclim
kaclims	kaclim
kaclin	kaclin
kaclinned	kaclin
kaclinning	kaclin
kaclins	kaclin
kaclip	kaclip
kaclipped	kaclip
kaclipping	kaclip
kaclips	kaclip
kaclir	kaclir
kaclirred	kaclir
kaclirring	kaclir
kaclirs	kaclir
kaclit	kaclit
kaclits	kaclit
kaclitted	kaclit
kaclitting	kaclit
kacliv	kacliv
kaclivs	kacliv
kaclivved	kacliv
kaclivving	kacliv
kaclob	kaclob
kaclobbed	kaclob
kaclobbing	kaclob
kaclobs	kaclob
kaclod	kaclod
kaclodded	kaclod
kaclodding	kaclod
kaclods	kaclod
kaclof	kaclof
kacloffed	kaclof
kacloffing	kaclof
kaclofs	kaclof
kaclog	kaclog
kaclogged	kaclog
kaclogging	kaclog
kaclogs	kaclog
kaclom	kaclom
kaclommed	kaclom
kaclomming	kaclom
kacloms	kaclom
kaclon	kaclon
kaclonned	kaclon
kaclonning	kaclon
kaclons	kaclon
kaclop	kaclop
kaclopped	kaclop
kaclopping	kaclop
kaclops	kaclop
kaclor	kaclor
kaclorred	kaclor
kaclorring	kaclor
kaclors	kaclor
kaclot	kaclot
kaclots	kaclot
kaclotted	kaclot
kaclotting	kaclot
kaclov	kaclov
kaclovs	kaclov
kaclovved	kaclov
kaclovving	kaclov
kaclub	kaclub
kaclubbed	kaclub
kaclubbing	kaclub
kaclubs	kaclub
kaclud	kaclud
kacludded	kaclud
kacludding	kaclud
kacluds	kaclud
kacluf	kacluf
kacluffed	kacluf
kacluffing	kacluf
kaclufs	kacluf
kaclug	kaclug
kaclugged	kaclug
kaclugging	kaclug
kaclugs	kaclug
kaclum	kaclum
kaclummed	kaclum
kaclumming	kaclum
kaclums	kaclum
kaclun	kaclun
kaclunned	kaclun
kaclunning	kaclun
kacluns	kaclun
kaclup	kaclup
kaclupped	kaclup
kaclupping	kaclup
kaclups	kaclup
kaclur	kaclur
kaclurred	kaclur
kaclurring	kaclur
kaclurs	kaclur
kaclut	kaclut
kacluts	kaclut
kaclutted	kaclut
kaclutting	kaclut
kacluv	kacluv
kacluvs	kacluv
kacluvved	kacluv
kacluvving	kacluv
kacrab	kacrab
kacrabbed	kacrab
kacrabbing	kacrab
kacrabs	kacrab
kacrad	kacrad
kacradded	kacrad
kacradding	kacrad
kacrads	kacrad
kacraf	kacraf
kacraffed	kacraf
kacraffing	kacraf
kacrafs	kacraf
kacrag	kacrag
kacragged	kacrag
kacragging	kacrag
kacrags	kacrag
kacram	kacram
kacrammed	kacram
kacramming	kacram
kacrams	kacram
kacran	kacran
kacranned	kacran
kacranning	kacran
kacrans	kacran
kacrap	kacrap
kacrapped	kacrap
kacrapping	kacrap
kacraps	kacrap
kacrar	kacrar
kacrarred	kacrar
kacrarring	kacrar
kacrars	kacrar
kacrat	kacrat
kacrats	kacrat
kacratted	kacrat
kacratting	kacrat
kacrav	kacrav
kacravs	kacrav
kacravved	kacrav
kacravving	kacrav
kacreb	kacreb
kacrebbed	kacreb
kacrebbing	kacreb
kacrebs	kacreb
kacref	kacref
kacreffed	kacref
kacreffing	kacref
kacrefs	kacref
kacreg	kacreg
kacregged	kacreg
kacregging	kacreg
kacregs	kacreg
kacrem	kacrem
kacremmed	kacrem
kacremming	kacrem
kacrems	kacrem
kacren	kacren
kacrenned	kacren
kacrenning	kacren
kacrens	kacren
kacrep	kacrep
kacrepped	kacrep
kacrepping	kacrep
kacreps	kacrep
kacret	kacret
kacrets	kacret
kacretted	kacret
kacretting	kacret
kacrev	kacrev
kacrevs	kacrev
kacrevved	kacrev
kacrevving	kacrev
kacrib	kacrib
kacribbed	kacrib
kacribbing	kacrib
kacribs	kacrib
kacrid	kacrid
kacridded	kacrid
kacridding	kacrid
kacrids	kacrid
kacrif	kacrif
kacriffed	kacrif
kacriffing	kacrif
kacrifs	kacrif
kacrig	kacrig
kacrigged	kacrig
kacrigging	kacrig
kacrigs	kacrig
kacrim	kacrim
kacrimmed	kacrim
kacrimming	kacrim
kacrims	kacrim
kacrin	kacrin
kacrinned	kacrin
kacrinning	kacrin
kacrins	kacrin
kacrip	kacrip
kacripped	kacrip
kacripping	kacrip
kacrips	kacrip
kacrir	kacrir
kacrirred	kacrir
kacrirring	kacrir
kacrirs	kacrir
kacrit	kacrit
kacrits	kacrit
kacritted	kacrit
kacritting	kacrit
kacriv	kacriv
kacrivs	kacriv
kacrivved	kacriv
kacrivving	kacriv
kacrob	kacrob
kacrobbed	kacrob
kacrobbing	kacrob
kacrobs	kacrob
kacrod	kacrod
kacrodded	kacrod
kacrodding	kacrod
kacrods	kacrod
kacrof	kacrof
kacroffed	kacrof
kacroffing	kacrof
kacrofs	kacrof
kacrog	kacrog
kacrogged	kacrog
kacrogging	kacrog
kacrogs	kacrog
kacrom	kacrom
kacrommed	kacrom
kacromming	kacrom
kacroms	kacrom
kacron	kacron
kacronned	kacron
kacronning	kacron
kacrons	kacron
kacrop	kacrop
kacropped	kacrop
kacropping	kacrop
kacrops	kacrop
kacror	kacror
kacrorred	kacror
kacrorring	kacror
kacrors	kacror
kacrot	kacrot
kacrots	kacrot
kacrotted	kacrot
kacrotting	kacrot
kacrov	kacrov
kacrovs	kacrov
kacrovved	kacrov
kacrovving	kacrov
kacrub	kacrub
kacrubbed	kacrub
kacrubbing	kacrub
kacrubs	kacrub
kacrud	kacrud
kacrudded	kacrud
kacrudding	kacrud
kacruds	kacrud
kacruf	kacruf
kacruffed	kacruf
kacruffing	kacruf
kacrufs	kacruf
kacrug	kacrug
kacrugged	kacrug
kacrugging	kacrug
kacrugs	kacrug
kacrum	kacrum
kacrummed	kacrum
kacrumming	kacrum
kacrums	kacrum
kacrun	kacrun
kacrunned	kacrun
kacrunning	kacrun
kacruns	kacrun
kacrup	kacrup
kacrupped	kacrup
kacrupping	kacrup
kacrups	kacrup
kacrur	kacrur
kacrurred	kacrur
kacrurring	kacrur
kacrurs	kacrur
kacrut	kacrut
kacruts	kacrut
kacrutted	kacrut
kacrutting	kacrut
kacruv	kacruv
kacruvs	kacruv
kacruvved	kacruv
kacruvving	kacruv
kadab	kadab
kadabbed	kadab
kadabbing	kadab
kadabs	kadab
kadad	kadad
kadadded	kadad
kadadding	kadad
kadads	kadad
kadaf	kadaf
kadaffed	kadaf
kadaffing	kadaf
kadafs	kadaf
kadag	kadag
kadagged	kadag
kadagging	kadag
kadags	kadag
kadam	kadam
kadammed	kadam
kadamming	kadam
kadams	kadam
kadan	kadan
kadanned	kadan
kadanning	kadan
kadans	kadan
kadap	kadap
kadapped	kadap
kadapping	kadap
kadaps	kadap
kadar	kadar
kadarred	kadar
kadarring	kadar
kadars	kadar
kadat	kadat
kadats	kadat
kadatted	kadat
kadatting	kadat
kadav	kadav
kadavs	kadav
kadavved	kadav
kadavving	kadav
kadeb	kadeb
kadebbed	kadeb
kadebbing	kadeb
kadebs	kadeb
kadef	kadef
kadeffed	kadef
kadeffing	kadef
kadefs	kadef
kadeg	kadeg
kadegged	kadeg
kadegging	kadeg
kadegs	kadeg
kadem	kadem
kademmed	kadem
kademming	kadem
kadems	kadem
kaden	kaden
kadenned	kaden
kadenning	kaden
kadens	kaden
kadep	kadep
kadepped	kadep
kadepping	kadep
kadeps	kadep
kadet	kadet
kadets	kadet
kadetted	kadet
kadetting	kadet
kadev	kadev
kadevs	kadev
kadevved	kadev
kadevving	kadev
kadib	kadib
kadibbed	kadib
kadibbing	kadib
kadibs	kadib
kadid	kadid
kadidded	kadid
kadidding	kadid
kadids	kadid
kadif	kadif
kadiffed	kadif
kadiffing	kadif
kadifs	kadif
kadig	kadig
kadigged	kadig
kadigging	kadig
kadigs	kadig
kadim	kadim
kadimmed	kadim
kadimming	kadim
kadims	kadim
kadin	kadin
kadinned	kadin
kadinning	kadin
kadins	kadin
kadip	kadip
kadipped	kadip
kadipping	kadip
kadips	kadip
kadir	kadir
kadirred	kadir
kadirring	kadir
kadirs	kadir
kadit	kadit
kadits	kadit
kaditted	kadit
kaditting	kadit
kadiv	kadiv
kadivs	kadiv
kadivved	kadiv
kadivving	kadiv
kadob	kadob
kadobbed	kadob
kadobbing	kadob
kadobs	kadob
kadod	kadod
kadodded	kadod
kadodding	kadod
kadods	kadod
kadof	kadof
kadoffed	kadof
kadoffing	kadof
kadofs	kadof
kadog	kadog
kadogged	kadog
kadogging	kadog
kadogs	kadog
kadom	kadom
kadommed	kadom
kadomming	kadom
kadoms	kadom
kadon	kadon
kadonned	kadon
kadonning	kadon
kadons	kadon
kadop	kadop
kadopped	kadop
kadopping	kadop
kadops	kadop
kador	kador
kadorred	kador
kadorring	kador
kadors	kador
kadot	kadot
kadots	kadot
kadotted	kadot
kadotting	kadot
kadov	kadov
kadovs	kadov
kadovved	kadov
kadovving	kadov
kadrab	kadrab
kadrabbed	kadrab
kadrabbing	kadrab
kadrabs	kadrab
kadrad	kadrad
kadradded	kadrad
kadradding	kadrad
kadrads	kadrad
kadraf	kadraf
kadraffed	kadraf
kadraffing	kadraf
kadrafs	kadraf
kadrag	kadrag
kadragged	kadrag
kadragging	kadrag
kadrags	kadrag
kadram	kadram
kadrammed	kadram
kadramming	kadram
kadrams	kadram
kadran	kadran
kadranned	kadran
kadranning	kadran
kadrans	kadran
kadrap	kadrap
kadrapped	kadrap
kadrapping	kadrap
kadraps	kadrap
kadrar	kadrar
kadrarred	kadrar
kadrarring	kadrar
kadrars	kadrar
kadrat	kadrat
kadrats	kadrat
kadratted	kadrat
kadratting	kadrat
kadrav	kadrav
kadravs	kadrav
kadravved	kadrav
kadravving	kadrav
kadreb	kadreb
kadrebbed	kadreb
kadrebbing	kadreb
kadrebs	kadreb
kadref	kadref
kadreffed	kadref
kadreffing	kadref
kadrefs	kadref
kadreg	kadreg
kadregged	kadreg
kadregging	kadreg
kadregs	kadreg
kadrem	kadrem
kadremmed	kadrem
kadremming	kadrem
kadrems	kadrem
kadren	kadren
kadrenned	kadren
kadrenning	kadren
kadrens	kadren
kadrep	kadrep
kadrepped	kadrep
kadrepping	kadrep
kadreps	kadrep
kadret	kadret
kadrets	kadret
kadretted	kadret
kadretting	kadret
kadrev	kadrev
kadrevs	kadrev
kadrevved	kadrev
kadrevving	kadrev
kadrib	kadrib
kadribbed	kadrib
kadribbing	kadrib
kadribs	kadrib
kadrid	kadrid
kadridded	kadrid
kadridding	kadrid
kadrids	kadrid
kadrif	kadrif
kadriffed	kadrif
kadriffing	kadrif
kadrifs	kadrif
kadrig	kadrig
kadrigged	kadrig
kadrigging	kadrig
kadrigs	kadrig
kadrim	kadrim
kadrimmed	kadrim
kadrimming	kadrim
kadrims	kadrim
kadrin	kadrin
kadrinned	kadrin
kadrinning	kadrin
kadrins	kadrin
kadrip	kadrip
kadripped	kadrip
kadripping	kadrip
kadrips	kadrip
kadrir	kadrir
kadrirred	kadrir
kadrirring	kadrir
kadrirs	kadrir
kadrit	kadrit
kadrits	kadrit
kadritted	kadrit
kadritting	kadrit
kadriv	kadriv
kadrivs	kadriv
kadrivved	kadriv
kadrivving	kadriv
kadrob	kadrob
kadrobbed	kadrob
kadrobbing	kadrob
kadrobs	kadrob
kadrod	kadrod
kadrodded	kadrod
kadrodding	kadrod
kadrods	kadrod
kadrof	kadrof
kadroffed	kadrof
kadroffing	kadrof
kadrofs	kadrof
kadrog	kadrog
kadrogged	kadrog
kadrogging	kadrog
kadrogs	kadrog
kadrom	kadrom
kadrommed	kadrom
kadromming	kadrom
kadroms	kadrom
kadron	kadron
kadronned	kadron
kadronning	kadron
kadrons	kadron
kadrop	kadrop
kadropped	kadrop
kadropping	kadrop
kadrops	kadrop
kadror	kadror
kadrorred	kadror
kadrorring	kadror
kadrors	kadror
kadrot	kadrot
kadrots	kadrot
kadrotted	kadrot
kadrotting	kadrot
kadrov	kadrov
kadrovs	kadrov
kadrovved	kadrov
kadrovving	kadrov
kadrub	kadrub
kadrubbed	kadrub
kadrubbing	kadrub
kadrubs	kadrub
kadrud	kadrud
kadrudded	kadrud
kadrudding	kadrud
kadruds	kadrud
kadruf	kadruf
kadruffed	kadruf
kadruffing	kadruf
kadrufs	kadruf
kadrug	kadrug
kadrugged	kadrug
kadrugging	kadrug
kadrugs	kadrug
kadrum	kadrum
kadrummed	kadrum
kadrumming	kadrum
kadrums	kadrum
kadrun	kadrun
kadrunned	kadrun
kadrunning	kadrun
kadruns	kadrun
kadrup	kadrup
kadrupped	kadrup
kadrupping	kadrup
kadrups	kadrup
kadrur	kadrur
kadrurred	kadrur
kadrurring	kadrur
kadrurs	kadrur
kadrut	kadrut
kadruts	kadrut
kadrutted	kadrut
kadrutting	kadrut
kadruv	kadruv
kadruvs	kadruv
kadruvved	kadruv
kadruvving	kadruv
kadub	kadub
kadubbed	kadub
kadubbing	kadub
kadubs	kadub
kadud	kadud
kadudded	kadud
kadudding	kadud
kaduds	kadud
kaduf	kaduf
kaduffed	kaduf
kaduffing	kaduf
kadufs	kaduf
kadug	kadug
kadugged	kadug
kadugging	kadug
kadugs	kadug
kadum	kadum
kadummed	kadum
kadumming	kadum
kadums	kadum
kadun	kadun
kadunned	kadun
kadunning	kadun
kaduns	kadun
kadup	kadup
kadupped	kadup
kadupping	kadup
kadups	kadup
kadur	kadur
kadurred	kadur
kadurring	kadur
kadurs	kadur
kadut	kadut
kaduts	kadut
kadutted	kadut
kadutting	kadut
kaduv	kaduv
kaduvs	kaduv
kaduvved	kaduv
kaduvving	kaduv
kadwab	kadwab
kadwabbed	kadwab
kadwabbing	kadwab
kadwabs	kadwab
kadwad	kadwad
kadwadded	kadwad
kadwadding	kadwad
kadwads	kadwad
kadwaf	kadwaf
kadwaffed	kadwaf
kadwaffing	kadwaf
kadwafs	kadwaf
kadwag	kadwag
kadwagged	kadwag
kadwagging	kadwag
kadwags	kadwag
kadwam	kadwam
kadwammed	kadwam
kadwamming	kadwam
kadwams	kadwam
kadwan	kadwan
kadwanned	kadwan
kadwanning	kadwan
kadwans	kadwan
kadwap	kadwap
kadwapped	kadwap
kadwapping	kadwap
kadwaps	kadwap
kadwar	kadwar
kadwarred	kadwar
kadwarring	kadwar
kadwars	kadwar
kadwat	kadwat
kadwats	kadwat
kadwatted	kadwat
kadwatting	kadwat
kadwav	kadwav
kadwavs	kadwav
kadwavved	kadwav
kadwavving	kadwav
kadweb	kadweb
kadwebbed	kadweb
kadwebbing	kadweb
kadwebs	kadweb
kadwef	kadwef
kadweffed	kadwef
kadweffing	kadwef
kadwefs	kadwef
kadweg	kadweg
kadwegged	kadweg
kadwegging	kadweg
kadwegs	kadweg
kadwem	kadwem
kadwemmed	kadwem
kadwemming	kadwem
kadwems	kadwem
kadwen	kadwen
kadwenned	kadwen
kadwenning	kadwen
kadwens	kadwen
kadwep	kadwep
kadwepped	kadwep
kadwepping	kadwep
kadweps	kadwep
kadwet	kadwet
kadwets	kadwet
kadwetted	kadwet
kadwetting	kadwet
kadwev	kadwev
kadwevs	kadwev
kadwevved	kadwev
kadwevving	kadwev
kadwib	kadwib
kadwibbed	kadwib
kadwibbing	kadwib
kadwibs	kadwib
kadwid	kadwid
kadwidded	kadwid
kadwidding	kadwid
kadwids	kadwid
kadwif	kadwif
kadwiffed	kadwif
kadwiffing	kadwif
kadwifs	kadwif
kadwig	kadwig
kadwigged	kadwig
kadwigging	kadwig
kadwigs	kadwig
kadwim	kadwim
kadwimmed	kadwim
kadwimming	kadwim
kadwims	kadwim
kadwin	kadwin
kadwinned	kadwin
kadwinning	kadwin
kadwins	kadwin
kadwip	kadwip
kadwipped	kadwip
kadwipping	kadwip
kadwips	kadwip
kadwir	kadwir
kadwirred	kadwir
kadwirring	kadwir
kadwirs	kadwir
kadwit	kadwit
kadwits	kadwit
kadwitted	kadwit
kadwitting	kadwit
kadwiv	kadwiv
kadwivs	kadwiv
kadwivved	kadwiv
kadwivving	kadwiv
kadwob	kadwob
kadwobbed	kadwob
kadwobbing	kadwob
kadwobs	kadwob
kadwod	kadwod
kadwodded	kadwod
kadwodding	kadwod
kadwods	kadwod
kadwof	kadwof
kadwoffed	kadwof
kadwoffing	kadwof
kadwofs	kadwof
kadwog	kadwog
kadwogged	kadwog
kadwogging	kadwog
kadwogs	kadwog
kadwom	kadwom
kadwommed	kadwom
kadwomming	kadwom
kadwoms	kadwom
kadwon	kadwon
kadwonned	kadwon
kadwonning	kadwon
kadwons	kadwon
kadwop	kadwop
kadwopped	kadwop
kadwopping	kadwop
kadwops	kadwop
kadwor	kadwor
kadworred	kadwor
kadworring	kadwor
kadwors	kadwor
kadwot	kadwot
kadwots	kadwot
kadwotted	kadwot
kadwotting	kadwot
kadwov	kadwov
kadwovs	kadwov
kadwovved	kadwov
kadwovving	kadwov
kadwub	kadwub
kadwubbed	kadwub
kadwubbing	kadwub
kadwubs	kadwub
kadwud	kadwud
kadwudded	kadwud
kadwudding	kadwud
kadwuds	kadwud
kadwuf	kadwuf
kadwuffed	kadwuf
kadwuffing	kadwuf
kadwufs	kadwuf
kadwug	kadwug
kadwugged	kadwug
kadwugging	kadwug
kadwugs	kadwug
kadwum	kadwum
kadwummed	kadwum
kadwumming	kadwum
kadwums	kadwum
kadwun	kadwun
kadwunned	kadwun
kadwunning	kadwun
kadwuns	kadwun
kadwup	kadwup
kadwupped	kadwup
kadwupping	kadwup
kadwups	kadwup
kadwur	kadwur
kadwurred	kadwur
kadwurring	kadwur
kadwurs	kadwur
kadwut	kadwut
kadwuts	kadwut
kadwutted	kadwut
kadwutting	kadwut
labab	labab
lababber	labab
lababbest	labab
labad	labad
labadder	labad
labaddest	labad
labaf	labaf
labaffer	labaf
labaffest	labaf
labag	labag
labagger	labag
labaggest	labag
labam	labam
labammer	labam
labammest	labam
laban	laban
labanner	laban
labannest	laban
labap	labap
labapper	labap
labappest	labap
labar	labar
labarrer	labar
labarrest	labar
labat	labat
labatter	labat
labattest	labat
labav	labav
labavver	labav
labavvest	labav
labeb	labeb
labebber	labeb
labebbest	labeb
labef	labef
labeffer	labef
labeffest	labef
labeg	labeg
labegger	labeg
labeggest	labeg
labem	labem
labemmer	labem
labemmest	labem
laben	laben
labenner	laben
labennest	laben
labep	labep
labepper	labep
labeppest	labep
labet	labet
labetter	labet
labettest	labet
labev	labev
labevver	labev
labevvest	labev
labib	labib
labibber	labib
labibbest	labib
labid	labid
labidder	labid
labiddest	labid
labif	labif
labiffer	labif
labiffest	labif
labig	labig
labigger	labig
labiggest	labig
labim	labim
labimmer	labim
labimmest	labim
labin	labin
labinner	labin
labinnest	labin
labip	labip
labipper	labip
labippest	labip
labir	labir
labirrer	labir
labirrest	labir
labit	labit
labitter	labit
labittest	labit
labiv	labiv
labivver	labiv
labivvest	labiv
lablab	lablab
lablabber	lablab
lablabbest	lablab
lablad	lablad
labladder	lablad
labladdest	lablad
lablaf	lablaf
lablaffer	lablaf
lablaffest	lablaf
lablag	lablag
lablagger	lablag
lablaggest	lablag
lablam	lablam
lablammer	lablam
lablammest	lablam
lablan	lablan
lablanner	lablan
lablannest	lablan
lablap	lablap
lablapper	lablap
lablappest	lablap
lablar	lablar
lablarrer	lablar
lablarrest	lablar
lablat	lablat
lablatter	lablat
lablattest	lablat
lablav	lablav
lablavver	lablav
lablavvest	lablav
lableb	lableb
lablebber	lableb
lablebbest	lableb
lablef	lablef
lableffer	lablef
lableffest	lablef
lableg	lableg
lablegger	lableg
lableggest	lableg
lablem	lablem
lablemmer	lablem
lablemmest	lablem
lablen	lablen
lablenner	lablen
lablennest	lablen
lablep	lablep
lablepper	lablep
lableppest	lablep
lablet	lablet
labletter	lablet
lablettest	lablet
lablev	lablev
lablevver	lablev
lablevvest	lablev
lablib	lablib
lablibber	lablib
lablibbest	lablib
lablid	lablid
lablidder	lablid
labliddest	lablid
lablif	lablif
labliffer	lablif
labliffest	lablif
lablig	lablig
labligger	lablig
labliggest	lablig
lablim	lablim
lablimmer	lablim
lablimmest	lablim
lablin	lablin
lablinner	lablin
lablinnest	lablin
lablip	lablip
lablipper	lablip
lablippest	lablip
lablir	lablir
lablirrer	lablir
lablirrest	lablir
lablit	lablit
lablitter	lablit
lablittest	lablit
labliv	labliv
lablivver	labliv
lablivvest	labliv
lablob	lablob
lablobber	lablob
lablobbest	lablob
lablod	lablod
lablodder	lablod
labloddest	lablod
lablof	lablof
labloffer	lablof
labloffest	lablof
lablog	lablog
lablogger	lablog
labloggest	lablog
lablom	lablom
lablommer	lablom
lablommest	lablom
lablon	lablon
lablonner	lablon
lablonnest	lablon
lablop	lablop
lablopper	lablop
labloppest	lablop
lablor	lablor
lablorrer	lablor
lablorrest	lablor
lablot	lablot
lablotter	lablot
lablottest	lablot
lablov	lablov
lablovver	lablov
lablovvest	lablov
lablub	lablub
lablubber	lablub
lablubbest	lablub
lablud	lablud
labludder	lablud
labluddest	lablud
labluf	labluf
labluffer	labluf
labluffest	labluf
lablug	lablug
lablugger	lablug
labluggest	lablug
lablum	lablum
lablummer	lablum
lablummest	lablum
lablun	lablun
lablunner	lablun
lablunnest	lablun
lablup	lablup
lablupper	lablup
labluppest	lablup
lablur	lablur
lablurrer	lablur
lablurrest	lablur
lablut	lablut
lablutter	lablut
labluttest	lablut
labluv	labluv
labluvver	labluv
labluvvest	labluv
labob	labob
labobber	labob
labobbest	labob
labod	labod
labodder	labod
laboddest	labod
labof	labof
laboffer	labof
laboffest	labof
labog	labog
labogger	labog
laboggest	labog
labom	labom
labommer	labom
labommest	labom
labon	labon
labonner	labon
labonnest	labon
labop	labop
labopper	labop
laboppest	labop
labor	labor
laborrer	labor
laborrest	labor
labot	labot
labotter	labot
labottest	labot
labov	labov
labovver	labov
labovvest	labov
labrab	labrab
labrabber	labrab
labrabbest	labrab
labrad	labrad
labradder	labrad
labraddest	labrad
labraf	labraf
labraffer	labraf
labraffest	labraf
labrag	labrag
labragger	labrag
labraggest	labrag
labram	labram
labrammer	labram
labrammest	labram
labran	labran
labranner	labran
labrannest	labran
labrap	labrap
labrapper	labrap
labrappest	labrap
labrar	labrar
labrarrer	labrar
labrarrest	labrar
labrat	labrat
labratter	labrat
labrattest	labrat
labrav	labrav
labravver	labrav
labravvest	labrav
labreb	labreb
labrebber	labreb
labrebbest	labreb
labref	labref
labreffer	labref
labreffest	labref
labreg	labreg
labregger	labreg
labreggest	labreg
labrem	labrem
labremmer	labrem
labremmest	labrem
labren	labren
labrenner	labren
labrennest	labren
labrep	labrep
labrepper	labrep
labreppest	labrep
labret	labret
labretter	labret
labrettest	labret
labrev	labrev
labrevver	labrev
labrevvest	labrev
labrib	labrib
labribber	labrib
labribbest	labrib
labrid	labrid
labridder	labrid
labriddest	labrid
labrif	labrif
labriffer	labrif
labriffest	labrif
labrig	labrig
labrigger	labrig
labriggest	labrig
labrim	labrim
labrimmer	labrim
labrimmest	labrim
labrin	labrin
labrinner	labrin
labrinnest	labrin
labrip	labrip
labripper	labrip
labrippest	labrip
labrir	labrir
labrirrer	labrir
labrirrest	labrir
labrit	labrit
labritter	labrit
labrittest	labrit
labriv	labriv
labrivver	labriv
labrivvest	labriv
labrob	labrob
labrobber	labrob
labrobbest	labrob
labrod	labrod
labrodder	labrod
labroddest	labrod
labrof	labrof
labroffer	labrof
labroffest	labrof
labrog	labrog
labrogger	labrog
labroggest	labrog
labrom	labrom
labrommer	labrom
labrommest	labrom
labron	labron
labronner	labron
labronnest	labron
labrop	labrop
labropper	labrop
labroppest	labrop
labror	labror
labrorrer	labror
labrorrest	labror
labrot	labrot
labrotter	labrot
labrottest	labrot
labrov	labrov
labrovver	labrov
labrovvest	labrov
labrub	labrub
labrubber	labrub
labrubbest	labrub
labrud	labrud
labrudder	labrud
labruddest	labrud
labruf	labruf
labruffer	labruf
labruffest	labruf
labrug	labrug
labrugger	labrug
labruggest	labrug
labrum	labrum
labrummer	labrum
labrummest	labrum
labrun	labrun
labrunner	labrun
labrunnest	labrun
labrup	labrup
labrupper	labrup
labruppest	labrup
labrur	labrur
labrurrer	labrur
labrurrest	labrur
labrut	labrut
labrutter	labrut
labruttest	labrut
labruv	labruv
labruvver	labruv
labruvvest	labruv
labub	labub
labubber	labub
labubbest	labub
labud	labud
labudder	labud
labuddest	labud
labuf	labuf
labuffer	labuf
labuffest	labuf
labug	labug
labugger	labug
labuggest	labug
labum	labum
labummer	labum
labummest	labum
labun	labun
labunner	labun
labunnest	labun
labup	labup
labupper	labup
labuppest	labup
labur	labur
laburrer	labur
laburrest	labur
labut	labut
labutter	labut
labuttest	labut
labuv	labuv
labuvver	labuv
labuvvest	labuv
laclab	laclab
laclabber	laclab
laclabbest	laclab
laclad	laclad
lacladder	laclad
lacladdest	laclad
laclaf	laclaf
laclaffer	laclaf
laclaffest	laclaf
laclag	laclag
laclagger	laclag
laclaggest	laclag
laclam	laclam
laclammer	laclam
laclammest	laclam
laclan	laclan
laclanner	laclan
laclannest	laclan
laclap	laclap
laclapper	laclap
laclappest	laclap
laclar	laclar
laclarrer	laclar
laclarrest	laclar
laclat	laclat
laclatter	laclat
laclattest	laclat
laclav	laclav
laclavver	laclav
laclavvest	laclav
lacleb	lacleb
laclebber	lacleb
laclebbest	lacleb
laclef	laclef
lacleffer	laclef
lacleffest	laclef
lacleg	lacleg
laclegger	lacleg
lacleggest	lacleg
laclem	laclem
laclemmer	laclem
laclemmest	laclem
laclen	laclen
laclenner	laclen
laclennest	laclen
laclep	laclep
laclepper	laclep
lacleppest	laclep
laclet	laclet
lacletter	laclet
laclettest	laclet
laclev	laclev
laclevver	laclev
laclevvest	laclev
laclib	laclib
laclibber	laclib
laclibbest	laclib
laclid	laclid
laclidder	laclid
lacliddest	laclid
laclif	laclif
lacliffer	laclif
lacliffest	laclif
laclig	laclig
lacligger	laclig
lacliggest	laclig
laclim	laclim
laclimmer	laclim
laclimmest	laclim
laclin	laclin
laclinner	laclin
laclinnest	laclin
laclip	laclip
laclipper	laclip
laclippest	laclip
laclir	laclir
laclirrer	laclir
laclirrest	laclir
laclit	laclit
laclitter	laclit
laclittest	laclit
lacliv	lacliv
laclivver	lacliv
laclivvest	lacliv
laclob	laclob
laclobber	laclob
laclobbest	laclob
laclod	laclod
laclodder	laclod
lacloddest	laclod
laclof	laclof
lacloffer	laclof
lacloffest	laclof
laclog	laclog
laclogger	laclog
lacloggest	laclog
laclom	laclom
laclommer	laclom
laclommest	laclom
laclon	laclon
laclonner	laclon
laclonnest	laclon
laclop	laclop
laclopper	laclop
lacloppest	laclop
laclor	laclor
laclorrer	laclor
laclorrest	laclor
laclot	laclot
laclotter	laclot
laclottest	laclot
laclov	laclov
laclovver	laclov
laclovvest	laclov
laclub	laclub
laclubber	laclub
laclubbest	laclub
laclud	laclud
lacludder	laclud
lacluddest	laclud
lacluf	lacluf
lacluffer	lacluf
lacluffest	lacluf
laclug	laclug
laclugger	laclug
lacluggest	laclug
laclum	laclum
laclummer	laclum
laclummest	laclum
laclun	laclun
laclunner	laclun
laclunnest	laclun
laclup	laclup
laclupper	laclup
lacluppest	laclup
laclur	laclur
laclurrer	laclur
laclurrest	laclur
laclut	laclut
laclutter	laclut
lacluttest	laclut
lacluv	lacluv
lacluvver	lacluv
lacluvvest	lacluv
lacrab	lacrab
lacrabber	lacrab
lacrabbest	lacrab
lacrad	lacrad
lacradder	lacrad
lacraddest	lacrad
lacraf	lacraf
lacraffer	lacraf
lacraffest	lacraf
lacrag	lacrag
lacragger	lacrag
lacraggest	lacrag
lacram	lacram
lacrammer	lacram
lacrammest	lacram
lacran	lacran
lacranner	lacran
lacrannest	lacran
lacrap	lacrap
lacrapper	lacrap
lacrappest	lacrap
lacrar	lacrar
lacrarrer	lacrar
lacrarrest	lacrar
lacrat	lacrat
lacratter	lacrat
lacrattest	lacrat
lacrav	lacrav
lacravver	lacrav
lacravvest	lacrav
lacreb	lacreb
lacrebber	lacreb
lacrebbest	lacreb
lacref	lacref
lacreffer	lacref
lacreffest	lacref
lacreg	lacreg
lacregger	lacreg
lacreggest	lacreg
lacrem	lacrem
lacremmer	lacrem
lacremmest	lacrem
lacren	lacren
lacrenner	lacren
lacrennest	lacren
lacrep	lacrep
lacrepper	lacrep
lacreppest	lacrep
lacret	lacret
lacretter	lacret
lacrettest	lacret
lacrev	lacrev
lacrevver	lacrev
lacrevvest	lacrev
lacrib	lacrib
lacribber	lacrib
lacribbest	lacrib
lacrid	lacrid
lacridder	lacrid
lacriddest	lacrid
lacrif	lacrif
lacriffer	lacrif
lacriffest	lacrif
lacrig	lacrig
lacrigger	lacrig
lacriggest	lacrig
lacrim	lacrim
lacrimmer	lacrim
lacrimmest	lacrim
lacrin	lacrin
lacrinner	lacrin
lacrinnest	lacrin
lacrip	lacrip
lacripper	lacrip
lacrippest	lacrip
lacrir	lacrir
lacrirrer	lacrir
lacrirrest	lacrir
lacrit	lacrit
lacritter	lacrit
lacrittest	lacrit
lacriv	lacriv
lacrivver	lacriv
lacrivvest	lacriv
lacrob	lacrob
lacrobber	lacrob
lacrobbest	lacrob
lacrod	lacrod
lacrodder	lacrod
lacroddest	lacrod
lacrof	lacrof
lacroffer	lacrof
lacroffest	lacrof
lacrog	lacrog
lacrogger	lacrog
lacroggest	lacrog
lacrom	lacrom
lacrommer	lacrom
lacrommest	lacrom
lacron	lacron
lacronner	lacron
lacronnest	lacron
lacrop	lacrop
lacropper	lacrop
lacroppest	lacrop
lacror	lacror
lacrorrer	lacror
lacrorrest	lacror
lacrot	lacrot
lacrotter	lacrot
lacrottest	lacrot
lacrov	lacrov
lacrovver	lacrov
lacrovvest	lacrov
lacrub	lacrub
lacrubber	lacrub
lacrubbest	lacrub
lacrud	lacrud
lacrudder	lacrud
lacruddest	lacrud
lacruf	lacruf
lacruffer	lacruf
lacruffest	lacruf
lacrug	lacrug
lacrugger	lacrug
lacruggest	lacrug
lacrum	lacrum
lacrummer	lacrum
lacrummest	lacrum
lacrun	lacrun
lacrunner	lacrun
lacrunnest	lacrun
lacrup	lacrup
lacrupper	lacrup
lacruppest	lacrup
lacrur	lacrur
lacrurrer	lacrur
lacrurrest	lacrur
lacrut	lacrut
lacrutter	lacrut
lacruttest	lacrut
lacruv	lacruv
lacruvver	lacruv
lacruvvest	lacruv
ladab	ladab
ladabber	ladab
ladabbest	ladab
ladad	ladad
ladadder	ladad
ladaddest	ladad
ladaf	ladaf
ladaffer	ladaf
ladaffest	ladaf
ladag	ladag
ladagger	ladag
ladaggest	ladag
ladam	ladam
ladammer	ladam
ladammest	ladam
ladan	ladan
ladanner	ladan
ladannest	ladan
ladap	ladap
ladapper	ladap
ladappest	ladap
ladar	ladar
ladarrer	ladar
ladarrest	ladar
ladat	ladat
ladatter	ladat
ladattest	ladat
ladav	ladav
ladavver	ladav
ladavvest	ladav
ladeb	ladeb
ladebber	ladeb
ladebbest	ladeb
ladef	ladef
ladeffer	ladef
ladeffest	ladef
ladeg	ladeg
ladegger	ladeg
ladeggest	ladeg
ladem	ladem
lademmer	ladem
lademmest	ladem
laden	laden
ladenner	laden
ladennest	laden
ladep	ladep
ladepper	ladep
ladeppest	ladep
ladet	ladet
ladetter	ladet
ladettest	ladet
ladev	ladev
ladevver	ladev
ladevvest	ladev
ladib	ladib
ladibber	ladib
ladibbest	ladib
ladid	ladid
ladidder	ladid
ladiddest	ladid
ladif	ladif
ladiffer	ladif
ladiffest	ladif
ladig	ladig
ladigger	ladig
ladiggest	ladig
ladim	ladim
ladimmer	ladim
ladimmest	ladim
ladin	ladin
ladinner	ladin
ladinnest	ladin
ladip	ladip
ladipper	ladip
ladippest	ladip
ladir	ladir
ladirrer	ladir
ladirrest	ladir
ladit	ladit
laditter	ladit
ladittest	ladit
ladiv	ladiv
ladivver	ladiv
ladivvest	ladiv
ladob	ladob
ladobber	ladob
ladobbest	ladob
ladod	ladod
ladodder	ladod
ladoddest	ladod
ladof	ladof
ladoffer	ladof
ladoffest	ladof
ladog	ladog
ladogger	ladog
ladoggest	ladog
ladom	ladom
ladommer	ladom
ladommest	ladom
ladon	ladon
ladonner	ladon
ladonnest	ladon
ladop	ladop
ladopper	ladop
ladoppest	ladop
lador	lador
ladorrer	lador
ladorrest	lador
ladot	ladot
ladotter	ladot
ladottest	ladot
ladov	ladov
ladovver	ladov
ladovvest	ladov
ladrab	ladrab
ladrabber	ladrab
ladrabbest	ladrab
ladrad	ladrad
ladradder	ladrad
ladraddest	ladrad
ladraf	ladraf
ladraffer	ladraf
ladraffest	ladraf
ladrag	ladrag
ladragger	ladrag
ladraggest	ladrag
ladram	ladram
ladrammer	ladram
ladrammest	ladram
ladran	ladran
ladranner	ladran
ladrannest	ladran
ladrap	ladrap
ladrapper	ladrap
ladrappest	ladrap
ladrar	ladrar
ladrarrer	ladrar
ladrarrest	ladrar
ladrat	ladrat
ladratter	ladrat
ladrattest	ladrat
ladrav	ladrav
ladravver	ladrav
ladravvest	ladrav
ladreb	ladreb
ladrebber	ladreb
ladrebbest	ladreb
ladref	ladref
ladreffer	ladref
ladreffest	ladref
ladreg	ladreg
ladregger	ladreg
ladreggest	ladreg
ladrem	ladrem
ladremmer	ladrem
ladremmest	ladrem
ladren	ladren
ladrenner	ladren
ladrennest	ladren
ladrep	ladrep
ladrepper	ladrep
ladreppest	ladrep
ladret	ladret
ladretter	ladret
ladrettest	ladret
ladrev	ladrev
ladrevver	ladrev
ladrevvest	ladrev
ladrib	ladrib
ladribber	ladrib
ladribbest	ladrib
ladrid	ladrid
ladridder	ladrid
ladriddest	ladrid
ladrif	ladrif
ladriffer	ladrif
ladriffest	ladrif
ladrig	ladrig
ladrigger	ladrig
ladriggest	ladrig
ladrim	ladrim
ladrimmer	ladrim
ladrimmest	ladrim
ladrin	ladrin
ladrinner	ladrin
ladrinnest	ladrin
ladrip	ladrip
ladripper	ladrip
ladrippest	ladrip
ladrir	ladrir
ladrirrer	ladrir
ladrirrest	ladrir
ladrit	ladrit
ladritter	ladrit
ladrittest	ladrit
ladriv	ladriv
ladrivver	ladriv
ladrivvest	ladriv
ladrob	ladrob
ladrobber	ladrob
ladrobbest	ladrob
ladrod	ladrod
ladrodder	ladrod
ladroddest	ladrod
ladrof	ladrof
ladroffer	ladrof
ladroffest	ladrof
ladrog	ladrog
ladrogger	ladrog
ladroggest	ladrog
ladrom	ladrom
ladrommer	ladrom
ladrommest	ladrom
ladron	ladron
ladronner	ladron
ladronnest	ladron
ladrop	ladrop
ladropper	ladrop
ladroppest	ladrop
ladror	ladror
ladrorrer	ladror
ladrorrest	ladror
ladrot	ladrot
ladrotter	ladrot
ladrottest	ladrot
ladrov	ladrov
ladrovver	ladrov
ladrovvest	ladrov
ladrub	ladrub
ladrubber	ladrub
ladrubbest	ladrub
ladrud	ladrud
ladrudder	ladrud
ladruddest	ladrud
ladruf	ladruf
ladruffer	ladruf
ladruffest	ladruf
ladrug	ladrug
ladrugger	ladrug
ladruggest	ladrug
ladrum	ladrum
ladrummer	ladrum
ladrummest	ladrum
ladrun	ladrun
ladrunner	ladrun
ladrunnest	ladrun
ladrup	ladrup
ladrupper	ladrup
ladruppest	ladrup
ladrur	ladrur
ladrurrer	ladrur
ladrurrest	ladrur
ladrut	ladrut
ladrutter	ladrut
ladruttest	ladrut
ladruv	ladruv
ladruvver	ladruv
ladruvvest	ladruv
ladub	ladub
ladubber	ladub
ladubbest	ladub
ladud	ladud
ladudder	ladud
laduddest	ladud
laduf	laduf
laduffer	laduf
laduffest	laduf
ladug	ladug
ladugger	ladug
laduggest	ladug
ladum	ladum
ladummer	ladum
ladummest	ladum
ladun	ladun
ladunner	ladun
ladunnest	ladun
ladup	ladup
ladupper	ladup
laduppest	ladup
ladur	ladur
ladurrer	ladur
ladurrest	ladur
ladut	ladut
ladutter	ladut
laduttest	ladut
laduv	laduv
laduvver	laduv
laduvvest	laduv
ladwab	ladwab
ladwabber	ladwab
ladwabbest	ladwab
ladwad	ladwad
ladwadder	ladwad
ladwaddest	ladwad
ladwaf	ladwaf
ladwaffer	ladwaf
ladwaffest	ladwaf
ladwag	ladwag
ladwagger	ladwag
ladwaggest	ladwag
ladwam	ladwam
ladwammer	ladwam
ladwammest	ladwam
ladwan	ladwan
ladwanner	ladwan
ladwannest	ladwan
ladwap	ladwap
ladwapper	ladwap
ladwappest	ladwap
ladwar	ladwar
ladwarrer	ladwar
ladwarrest	ladwar
ladwat	ladwat
ladwatter	ladwat
ladwattest	ladwat
ladwav	ladwav
ladwavver	ladwav
ladwavvest	ladwav
ladweb	ladweb
ladwebber	ladweb
ladwebbest	ladweb
ladwef	ladwef
ladweffer	ladwef
ladweffest	ladwef
ladweg	ladweg
ladwegger	ladweg
ladweggest	ladweg
ladwem	ladwem
ladwemmer	ladwem
ladwemmest	ladwem
ladwen	ladwen
ladwenner	ladwen
ladwennest	ladwen
ladwep	ladwep
ladwepper	ladwep
ladweppest	ladwep
ladwet	ladwet
ladwetter	ladwet
ladwettest	ladwet
ladwev	ladwev
ladwevver	ladwev
ladwevvest	ladwev
ladwib	ladwib
ladwibber	ladwib
ladwibbest	ladwib
ladwid	ladwid
ladwidder	ladwid
ladwiddest	ladwid
ladwif	ladwif
ladwiffer	ladwif
ladwiffest	ladwif
ladwig	ladwig
ladwigger	ladwig
ladwiggest	ladwig
ladwim	ladwim
ladwimmer	ladwim
ladwimmest	ladwim
ladwin	ladwin
ladwinner	ladwin
ladwinnest	ladwin
ladwip	ladwip
ladwipper	ladwip
ladwippest	ladwip
ladwir	ladwir
ladwirrer	ladwir
ladwirrest	ladwir
ladwit	ladwit
ladwitter	ladwit
ladwittest	ladwit
ladwiv	ladwiv
ladwivver	ladwiv
ladwivvest	ladwiv
ladwob	ladwob
ladwobber	ladwob
ladwobbest	ladwob
ladwod	ladwod
ladwodder	ladwod
ladwoddest	ladwod
ladwof	ladwof
ladwoffer	ladwof
ladwoffest	ladwof
ladwog	ladwog
ladwogger	ladwog
ladwoggest	ladwog
ladwom	ladwom
ladwommer	ladwom
ladwommest	ladwom
ladwon	ladwon
ladwonner	ladwon
ladwonnest	ladwon
ladwop	ladwop
ladwopper	ladwop
ladwoppest	ladwop
ladwor	ladwor
ladworrer	ladwor
ladworrest	ladwor
ladwot	ladwot
ladwotter	ladwot
ladwottest	ladwot
ladwov	ladwov
ladwovver	ladwov
ladwovvest	ladwov
ladwub	ladwub
ladwubber	ladwub
ladwubbest	ladwub
ladwud	ladwud
ladwudder	ladwud
ladwuddest	ladwud
ladwuf	ladwuf
ladwuffer	ladwuf
ladwuffest	ladwuf
ladwug	ladwug
ladwugger	ladwug
ladwuggest	ladwug
ladwum	ladwum
ladwummer	ladwum
ladwummest	ladwum
ladwun	ladwun
ladwunner	ladwun
ladwunnest	ladwun
ladwup	ladwup
ladwupper	ladwup
ladwuppest	ladwup
ladwur	ladwur
ladwurrer	ladwur
ladwurrest	ladwur
ladwut	ladwut
ladwutter	ladwut
ladwuttest	ladwut
miback	miback
mibacked	miback
mibacking	miback
mibacks	miback
mibald	mibald
mibalded	mibald
mibalding	mibald
mibalds	mibald
mibamp	mibamp
mibamped	mibamp
mibamping	mibamp
mibamps	mibamp
miband	miband
mibanded	miband
mibanding	miband
mibands	miband
mibang	mibang
mibanged	mibang
mibanging	mibang
mibangs	mibang
mibant	mibant
mibanted	mibant
mibanting	mibant
mibants	mibant
mibard	mibard
mibarded	mibard
mibarding	mibard
mibards	mibard
mibark	mibark
mibarked	mibark
mibarking	mibark
mibarks	mibark
mibart	mibart
mibarted	mibart
mibarting	mibart
mibarts	mibart
mibask	mibask
mibasked	mibask
mibasking	mibask
mibasks	mibask
mibast	mibast
mibasted	mibast
mibasting	mibast
mibasts	mibast
mibath	mibath
mibathed	mibath
mibathing	mibath
mibaths	mibath
mibeck	mibeck
mibecked	mibeck
mibecking	mibeck
mibecks	mibeck
mibeld	mibeld
mibelded	mibeld
mibelding	mibeld
mibelds	mibeld
mibemp	mibemp
mibemped	mibemp
mibemping	mibemp
mibemps	mibemp
mibend	mibend
mibended	mibend
mibending	mibend
mibends	mibend
mibeng	mibeng
mibenged	mibeng
mibenging	mibeng
mibengs	mibeng
mibent	mibent
mibented	mibent
mibenting	mibent
mibents	mibent
miberd	miberd
miberded	miberd
miberding	miberd
miberds	miberd
miberk	miberk
miberked	miberk
miberking	miberk
miberks	miberk
mibert	mibert
miberted	mibert
miberting	mibert
miberts	mibert
mibesk	mibesk
mibesked	mibesk
mibesking	mibesk
mibesks	mibesk
mibeth	mibeth
mibethed	mibeth
mibething	mibeth
mibeths	mibeth
mibick	mibick
mibicked	mibick
mibicking	mibick
mibicks	mibick
mibild	mibild
mibilded	mibild
mibilding	mibild
mibilds	mibild
mibimp	mibimp
mibimped	mibimp
mibimping	mibimp
mibimps	mibimp
mibind	mibind
mibinded	mibind
mibinding	mibind
mibinds	mibind
mibint	mibint
mibinted	mibint
mibinting	mibint
mibints	mibint
mibird	mibird
mibirded	mibird
mibirding	mibird
mibirds	mibird
mibirk	mibirk
mibirked	mibirk
mibirking	mibirk
mibirks	mibirk
mibirt	mibirt
mibirted	mibirt
mibirting	mibirt
mibirts	mibirt
mibisk	mibisk
mibisked	mibisk
mibisking	mibisk
mibisks	mibisk
mibist	mibist
mibisted	mibist
mibisting	mibist
mibists	mibist
mibith	mibith
mibithed	mibith
mibithing	mibith
mibiths	mibith
miblack	miblack
miblacked	miblack
miblacking	miblack
miblacks	miblack
miblald	miblald
miblalded	miblald
miblalding	miblald
miblalds	miblald
miblamp	miblamp
miblamped	miblamp
miblamping	miblamp
miblamps	miblamp
mibland	mibland
miblanded	mibland
miblanding	mibland
miblands	mibland
miblang	miblang
miblanged	miblang
miblanging	miblang
miblangs	miblang
miblant	miblant
miblanted	miblant
miblanting	miblant
miblants	miblant
miblard	miblard
miblarded	miblard
miblarding	miblard
miblards	miblard
miblark	miblark
miblarked	miblark
miblarking	miblark
miblarks	miblark
miblart	miblart
miblarted	miblart
miblarting	miblart
miblarts	miblart
miblask	miblask
miblasked	miblask
miblasking	miblask
miblasks	miblask
miblast	miblast
miblasted	miblast
miblasting	miblast
miblasts	miblast
miblath	miblath
miblathed	miblath
miblathing	miblath
miblaths	miblath
mibleck	mibleck
miblecked	mibleck
miblecking	mibleck
miblecks	mibleck
mibleld	mibleld
miblelded	mibleld
miblelding	mibleld
miblelds	mibleld
miblemp	miblemp
miblemped	miblemp
miblemping	miblemp
miblemps	miblemp
miblend	miblend
miblended	miblend
miblending	miblend
miblends	miblend
mibleng	mibleng
miblenged	mibleng
miblenging	mibleng
miblengs	mibleng
miblent	miblent
miblented	miblent
miblenting	miblent
miblents	miblent
miblerd	miblerd
miblerded	miblerd
miblerding	miblerd
miblerds	miblerd
miblerk	miblerk
miblerked	miblerk
miblerking	miblerk
miblerks	miblerk
miblert	miblert
miblerted	miblert
miblerting	miblert
miblerts	miblert
miblesk	miblesk
miblesked	miblesk
miblesking	miblesk
miblesks	miblesk
mibleth	mibleth
miblethed	mibleth
miblething	mibleth
mibleths	mibleth
miblick	miblick
miblicked	miblick
miblicking	miblick
miblicks	miblick
miblild	miblild
miblilded	miblild
miblilding	miblild
miblilds	miblild
miblimp	miblimp
miblimped	miblimp
miblimping	miblimp
miblimps	miblimp
miblind	miblind
miblinded	miblind
miblinding	miblind
miblinds	miblind
miblint	miblint
miblinted	miblint
miblinting	miblint
miblints	miblint
miblird	miblird
miblirded	miblird
miblirding	miblird
miblirds	miblird
miblirk	miblirk
miblirked	miblirk
miblirking	miblirk
miblirks	miblirk
miblirt	miblirt
miblirted	miblirt
miblirting	miblirt
miblirts	miblirt
miblisk	miblisk
miblisked	miblisk
miblisking	miblisk
miblisks	miblisk
miblist	miblist
miblisted	miblist
miblisting	miblist
miblists	miblist
miblith	miblith
miblithed	miblith
miblithing	miblith
mibliths	miblith
miblock	miblock
miblocked	miblock
miblocking	miblock
miblocks	miblock
miblold	miblold
miblolded	miblold
miblolding	miblold
miblolds	miblold
miblomp	miblomp
miblomped	miblomp
miblomping	miblomp
miblomps	miblomp
miblond	miblond
miblonded	miblond
miblonding	miblond
miblonds	miblond
miblong	miblong
miblonged	miblong
miblonging	miblong
miblongs	miblong
miblont	miblont
miblonted	miblont
miblonting	miblont
miblonts	miblont
miblord	miblord
miblorded	miblord
miblording	miblord
miblords	miblord
miblork	miblork
miblorked	miblork
miblorking	miblork
miblorks	miblork
miblort	miblort
miblorted	miblort
miblorting	miblort
miblorts	miblort
miblosk	miblosk
miblosked	miblosk
miblosking	miblosk
miblosks	miblosk
miblost	miblost
miblosted	miblost
miblosting	miblost
miblosts	miblost
mibloth	mibloth
miblothed	mibloth
miblothing	mibloth
mibloths	mibloth
mibluck	mibluck
miblucked	mibluck
miblucking	mibluck
miblucks	mibluck
mibluld	mibluld
miblulded	mibluld
miblulding	mibluld
miblulds	mibluld
miblump	miblump
miblumped	miblump
miblumping	miblump
miblumps	miblump
miblund	miblund
miblunded	miblund
miblunding	miblund
miblunds	miblund
miblung	miblung
miblunged	miblung
miblunging	miblung
miblungs	miblung
miblunt	miblunt
miblunted	miblunt
miblunting	miblunt
miblunts	miblunt
miblurd	miblurd
miblurded	miblurd
miblurding	miblurd
miblurds	miblurd
miblurk	miblurk
miblurked	miblurk
miblurking	miblurk
miblurks	miblurk
miblurt	miblurt
miblurted	miblurt
miblurting	miblurt
miblurts	miblurt
miblusk	miblusk
miblusked	miblusk
miblusking	miblusk
miblusks	miblusk
miblust	miblust
miblusted	miblust
miblusting	miblust
miblusts	miblust
mibluth	mibluth
mibluthed	mibluth
mibluthing	mibluth
mibluths	mibluth
mibock	mibock
mibocked	mibock
mibocking	mibock
mibocks	mibock
mibold	mibold
mibolded	mibold
mibolding	mibold
mibolds	mibold
mibomp	mibomp
mibomped	mibomp
mibomping	mibomp
mibomps	mibomp
mibond	mibond
mibonded	mibond
mibonding	mibond
mibonds	mibond
mibong	mibong
mibonged	mibong
mibonging	mibong
mibongs	mibong
mibont	mibont
mibonted	mibont
mibonting	mibont
mibonts	mibont
mibord	mibord
miborded	mibord
mibording	mibord
mibords	mibord
mibork	mibork
miborked	mibork
miborking	mibork
miborks	mibork
mibort	mibort
miborted	mibort
miborting	mibort
miborts	mibort
mibosk	mibosk
mibosked	mibosk
mibosking	mibosk
mibosks	mibosk
mibost	mibost
mibosted	mibost
mibosting	mibost
mibosts	mibost
miboth	miboth
mibothed	miboth
mibothing	miboth
miboths	miboth
mibrack	mibrack
mibracked	mibrack
mibracking	mibrack
mibracks	mibrack
mibrald	mibrald
mibralded	mibrald
mibralding	mibrald
mibralds	mibrald
mibramp	mibramp
mibramped	mibramp
mibramping	mibramp
mibramps	mibramp
mibrand	mibrand
mibranded	mibrand
mibranding	mibrand
mibrands	mibrand
mibrang	mibrang
mibranged	mibrang
mibranging	mibrang
mibrangs	mibrang
mibrant	mibrant
mibranted	mibrant
mibranting	mibrant
mibrants	mibrant
mibrard	mibrard
mibrarded	mibrard
mibrarding	mibrard
mibrards	mibrard
mibrark	mibrark
mibrarked	mibrark
mibrarking	mibrark
mibrarks	mibrark
mibrart	mibrart
mibrarted	mibrart
mibrarting	mibrart
mibrarts	mibrart
mibrask	mibrask
mibrasked	mibrask
mibrasking	mibrask
mibrasks	mibrask
mibrast	mibrast
mibrasted	mibrast
mibrasting	mibrast
mibrasts	mibrast
mibrath	mibrath
mibrathed	mibrath
mibrathing	mibrath
mibraths	mibrath
mibreck	mibreck
mibrecked	mibreck
mibrecking	mibreck
mibrecks	mibreck
mibreld	mibreld
mibrelded	mibreld
mibrelding	mibreld
mibrelds	mibreld
mibremp	mibremp
mibremped	mibremp
mibremping	mibremp
mibremps	mibremp
mibrend	mibrend
mibrended	mibrend
mibrending	mibrend
mibrends	mibrend
mibreng	mibreng
mibrenged	mibreng
mibrenging	mibreng
mibrengs	mibreng
mibrent	mibrent
mibrented	mibrent
mibrenting	mibrent
mibrents	mibrent
mibrerd	mibrerd
mibrerded	mibrerd
mibrerding	mibrerd
mibrerds	mibrerd
mibrerk	mibrerk
mibrerked	mibrerk
mibrerking	mibrerk
mibrerks	mibrerk
mibrert	mibrert
mibrerted	mibrert
mibrerting	mibrert
mibrerts	mibrert
mibresk	mibresk
mibresked	mibresk
mibresking	mibresk
mibresks	mibresk
mibreth	mibreth
mibrethed	mibreth
mibrething	mibreth
mibreths	mibreth
mibrick	mibrick
mibricked	mibrick
mibricking	mibrick
mibricks	mibrick
mibrild	mibrild
mibrilded	mibrild
mibrilding	mibrild
mibrilds	mibrild
mibrimp	mibrimp
mibrimped	mibrimp
mibrimping	mibrimp
mibrimps	mibrimp
mibrind	mibrind
mibrinded	mibrind
mibrinding	mibrind
mibrinds	mibrind
mibrint	mibrint
mibrinted	mibrint
mibrinting	mibrint
mibrints	mibrint
mibrird	mibrird
mibrirded	mibrird
mibrirding	mibrird
mibrirds	mibrird
mibrirk	mibrirk
mibrirked	mibrirk
mibrirking	mibrirk
mibrirks	mibrirk
mibrirt	mibrirt
mibrirted	mibrirt
mibrirting	mibrirt
mibrirts	mibrirt
mibrisk	mibrisk
mibrisked	mibrisk
mibrisking	mibrisk
mibrisks	mibrisk
mibrist	mibrist
mibristed	mibrist
mibristing	mibrist
mibrists	mibrist
mibrith	mibrith
mibrithed	mibrith
mibrithing	mibrith
mibriths	mibrith
mibrock	mibrock
mibrocked	mibrock
mibrocking	mibrock
mibrocks	mibrock
mibrold	mibrold
mibrolded	mibrold
mibrolding	mibrold
mibrolds	mibrold
mibromp	mibromp
mibromped	mibromp
mibromping	mibromp
mibromps	mibromp
mibrond	mibrond
mibronded	mibrond
mibronding	mibrond
mibronds	mibrond
mibrong	mibrong
mibronged	mibrong
mibronging	mibrong
mibrongs	mibrong
mibront	mibront
mibronted	mibront
mibronting	mibront
mibronts	mibront
mibrord	mibrord
mibrorded	mibrord
mibrording	mibrord
mibrords	mibrord
mibrork	mibrork
mibrorked	mibrork
mibrorking	mibrork
mibrorks	mibrork
mibrort	mibrort
mibrorted	mibrort
mibrorting	mibrort
mibrorts	mibrort
mibrosk	mibrosk
mibrosked	mibrosk
mibrosking	mibrosk
mibrosks	mibrosk
mibrost	mibrost
mibrosted	mibrost
mibrosting	mibrost
mibrosts	mibrost
mibroth	mibroth
mibrothed	mibroth
mibrothing	mibroth
mibroths	mibroth
mibruck	mibruck
mibrucked	mibruck
mibrucking	mibruck
mibrucks	mibruck
mibruld	mibruld
mibrulded	mibruld
mibrulding	mibruld
mibrulds	mibruld
mibrump	mibrump
mibrumped	mibrump
mibrumping	mibrump
mibrumps	mibrump
mibrund	mibrund
mibrunded	mibrund
mibrunding	mibrund
mibrunds	mibrund
mibrung	mibrung
mibrunged	mibrung
mibrunging	mibrung
mibrungs	mibrung
mibrunt	mibrunt
mibrunted	mibrunt
mibrunting	mibrunt
mibrunts	mibrunt
mibrurd	mibrurd
mibrurded	mibrurd
mibrurding	mibrurd
mibrurds	mibrurd
mibrurk	mibrurk
mibrurked	mibrurk
mibrurking	mibrurk
mibrurks	mibrurk
mibrurt	mibrurt
mibrurted	mibrurt
mibrurting	mibrurt
mibrurts	mibrurt
mibrusk	mibrusk
mibrusked	mibrusk
mibrusking	mibrusk
mibrusks	mibrusk
mibrust	mibrust
mibrusted	mibrust
mibrusting	mibrust
mibrusts	mibrust
mibruth	mibruth
mibruthed	mibruth
mibruthing	mibruth
mibruths	mibruth
mibuck	mibuck
mibucked	mibuck
mibucking	mibuck
mibucks	mibuck
mibuld	mibuld
mibulded	mibuld
mibulding	mibuld
mibulds	mibuld
mibump	mibump
mibumped	mibump
mibumping	mibump
mibumps	mibump
mibund	mibund
mibunded	mibund
mibunding	mibund
mibunds	mibund
mibung	mibung
mibunged	mibung
mibunging	mibung
mibungs	mibung
mibunt	mibunt
mibunted	mibunt
mibunting	mibunt
mibunts	mibunt
miburd	miburd
miburded	miburd
miburding	miburd
miburds	miburd
miburk	miburk
miburked	miburk
miburking	miburk
miburks	miburk
miburt	miburt
miburted	miburt
miburting	miburt
miburts	miburt
mibusk	mibusk
mibusked	mibusk
mibusking	mibusk
mibusks	mibusk
mibust	mibust
mibusted	mibust
mibusting	mibust
mibusts	mibust
mibuth	mibuth
mibuthed	mibuth
mibuthing	mibuth
mibuths	mibuth
miclack	miclack
miclacked	miclack
miclacking	miclack
miclacks	miclack
miclald	miclald
miclalded	miclald
miclalding	miclald
miclalds	miclald
miclamp	miclamp
miclamped	miclamp
miclamping	miclamp
miclamps	miclamp
micland	micland
miclanded	micland
miclanding	micland
miclands	micland
miclang	miclang
miclanged	miclang
miclanging	miclang
miclangs	miclang
miclant	miclant
miclanted	miclant
miclanting	miclant
miclants	miclant
miclard	miclard
miclarded	miclard
miclarding	miclard
miclards	miclard
miclark	miclark
miclarked	miclark
miclarking	miclark
miclarks	miclark
miclart	miclart
miclarted	miclart
miclarting	miclart
miclarts	miclart
miclask	miclask
miclasked	miclask
miclasking	miclask
miclasks	miclask
miclast	miclast
miclasted	miclast
miclasting	miclast
miclasts	miclast
miclath	miclath
miclathed	miclath
miclathing	miclath
miclaths	miclath
micleck	micleck
miclecked	micleck
miclecking	micleck
miclecks	micleck
micleld	micleld
miclelded	micleld
miclelding	micleld
miclelds	micleld
miclemp	miclemp
miclemped	miclemp
miclemping	miclemp
miclemps	miclemp
miclend	miclend
miclended	miclend
miclending	miclend
miclends	miclend
micleng	micleng
miclenged	micleng
miclenging	micleng
miclengs	micleng
miclent	miclent
miclented	miclent
miclenting	miclent
miclents	miclent
miclerd	miclerd
miclerded	miclerd
miclerding	miclerd
miclerds	miclerd
miclerk	miclerk
miclerked	miclerk
miclerking	miclerk
miclerks	miclerk
miclert	miclert
miclerted	miclert
miclerting	miclert
miclerts	miclert
miclesk	miclesk
miclesked	miclesk
miclesking	miclesk
miclesks	miclesk
micleth	micleth
miclethed	micleth
miclething	micleth
micleths	micleth
miclick	miclick
miclicked	miclick
miclicking	miclick
miclicks	miclick
miclild	miclild
miclilded	miclild
miclilding	miclild
miclilds	miclild
miclimp	miclimp
miclimped	miclimp
miclimping	miclimp
miclimps	miclimp
miclind	miclind
miclinded	miclind
miclinding	miclind
miclinds	miclind
miclint	miclint
miclinted	miclint
miclinting	miclint
miclints	miclint
miclird	miclird
miclirded	miclird
miclirding	miclird
miclirds	miclird
miclirk	miclirk
miclirked	miclirk
miclirking	miclirk
miclirks	miclirk
miclirt	miclirt
miclirted	miclirt
miclirting	miclirt
miclirts	miclirt
miclisk	miclisk
miclisked	miclisk
miclisking	miclisk
miclisks	miclisk
miclist	miclist
miclisted	miclist
miclisting	miclist
miclists	miclist
miclith	miclith
miclithed	miclith
miclithing	miclith
micliths	miclith
miclock	miclock
miclocked	miclock
miclocking	miclock
miclocks	miclock
miclold	miclold
miclolded	miclold
miclolding	miclold
miclolds	miclold
miclomp	miclomp
miclomped	miclomp
miclomping	miclomp
miclomps	miclomp
miclond	miclond
miclonded	miclond
miclonding	miclond
miclonds	miclond
miclong	miclong
miclonged	miclong
miclonging	miclong
miclongs	miclong
miclont	miclont
miclonted	miclont
miclonting	miclont
miclonts	miclont
miclord	miclord
miclorded	miclord
miclording	miclord
miclords	miclord
miclork	miclork
miclorked	miclork
miclorking	miclork
miclorks	miclork
miclort	miclort
miclorted	miclort
miclorting	miclort
miclorts	miclort
miclosk	miclosk
miclosked	miclosk
miclosking	miclosk
miclosks	miclosk
miclost	miclost
miclosted	miclost
miclosting	miclost
miclosts	miclost
micloth	micloth
miclothed	micloth
miclothing	micloth
micloths	micloth
micluck	micluck
miclucked	micluck
miclucking	micluck
miclucks	micluck
micluld	micluld
miclulded	micluld
miclulding	micluld
miclulds	micluld
miclump	miclump
miclumped	miclump
miclumping	miclump
miclumps	miclump
miclund	miclund
miclunded	miclund
miclunding	miclund
miclunds	miclund
miclung	miclung
miclunged	miclung
miclunging	miclung
miclungs	miclung
miclunt	miclunt
miclunted	miclunt
miclunting	miclunt
miclunts	miclunt
miclurd	miclurd
miclurded	miclurd
miclurding	miclurd
miclurds	miclurd
miclurk	miclurk
miclurked	miclurk
miclurking	miclurk
miclurks	miclurk
miclurt	miclurt
miclurted	miclurt
miclurting	miclurt
miclurts	miclurt
miclusk	miclusk
miclusked	miclusk
miclusking	miclusk
miclusks	miclusk
miclust	miclust
miclusted	miclust
miclusting	miclust
miclusts	miclust
micluth	micluth
micluthed	micluth
micluthing	micluth
micluths	micluth
micrack	micrack
micracked	micrack
micracking	micrack
micracks	micrack
micrald	micrald
micralded	micrald
micralding	micrald
micralds	micrald
micramp	micramp
micramped	micramp
micramping	micramp
micramps	micramp
micrand	micrand
micranded	micrand
micranding	micrand
micrands	micrand
micrang	micrang
micranged	micrang
micranging	micrang
micrangs	micrang
micrant	micrant
micranted	micrant
micranting	micrant
micrants	micrant
micrard	micrard
micrarded	micrard
micrarding	micrard
micrards	micrard
micrark	micrark
micrarked	micrark
micrarking	micrark
micrarks	micrark
micrart	micrart
micrarted	micrart
micrarting	micrart
micrarts	micrart
micrask	micrask
micrasked	micrask
micrasking	micrask
micrasks	micrask
micrast	micrast
micrasted	micrast
micrasting	micrast
micrasts	micrast
micrath	micrath
micrathed	micrath
micrathing	micrath
micraths	micrath
micreck	micreck
micrecked	micreck
micrecking	micreck
micrecks	micreck
micreld	micreld
micrelded	micreld
micrelding	micreld
micrelds	micreld
micremp	micremp
micremped	micremp
micremping	micremp
micremps	micremp
micrend	micrend
micrended	micrend
micrending	micrend
micrends	micrend
micreng	micreng
micrenged	micreng
micrenging	micreng
micrengs	micreng
micrent	micrent
micrented	micrent
micrenting	micrent
micrents	micrent
micrerd	micrerd
micrerded	micrerd
micrerding	micrerd
micrerds	micrerd
micrerk	micrerk
micrerked	micrerk
micrerking	micrerk
micrerks	micrerk
micrert	micrert
micrerted	micrert
micrerting	micrert
micrerts	micrert
micresk	micresk
micresked	micresk
micresking	micresk
micresks	micresk
micreth	micreth
micrethed	micreth
micrething	micreth
micreths	micreth
micrick	micrick
micricked	micrick
micricking	micrick
micricks	micrick
micrild	micrild
micrilded	micrild
micrilding	micrild
micrilds	micrild
micrimp	micrimp
micrimped	micrimp
micrimping	micrimp
micrimps	micrimp
micrind	micrind
micrinded	micrind
micrinding	micrind
micrinds	micrind
micrint	micrint
micrinted	micrint
micrinting	micrint
micrints	micrint
micrird	micrird
micrirded	micrird
micrirding	micrird
micrirds	micrird
micrirk	micrirk
micrirked	micrirk
micrirking	micrirk
micrirks	micrirk
micrirt	micrirt
micrirted	micrirt
micrirting	micrirt
micrirts	micrirt
micrisk	micrisk
micrisked	micrisk
micrisking	micrisk
micrisks	micrisk
micrist	micrist
micristed	micrist
micristing	micrist
micrists	micrist
micrith	micrith
micrithed	micrith
micrithing	micrith
micriths	micrith
microck	microck
microcked	microck
microcking	microck
microcks	microck
microld	microld
microlded	microld
microlding	microld
microlds	microld
micromp	micromp
micromped	micromp
micromping	micromp
micromps	micromp
micrond	micrond
micronded	micrond
micronding	micrond
micronds	micrond
microng	microng
micronged	microng
micronging	microng
microngs	microng
micront	micront
micronted	micront
micronting	micront
micronts	micront
micrord	micrord
microrded	micrord
micrording	micrord
micrords	micrord
micrork	micrork
microrked	micrork
microrking	micrork
microrks	micrork
micrort	micrort
microrted	micrort
microrting	micrort
microrts	micrort
microsk	microsk
microsked	microsk
microsking	microsk
microsks	microsk
microst	microst
microsted	microst
microsting	microst
microsts	microst
microth	microth
microthed	microth
microthing	microth
microths	microth
micruck	micruck
micrucked	micruck
micrucking	micruck
micrucks	micruck
micruld	micruld
micrulded	micruld
micrulding	micruld
micrulds	micruld
micrump	micrump
micrumped	micrump
micrumping	micrump
micrumps	micrump
micrund	micrund
micrunded	micrund
micrunding	micrund
micrunds	micrund
micrung	micrung
micrunged	micrung
micrunging	micrung
micrungs	micrung
micrunt	micrunt
micrunted	micrunt
micrunting	micrunt
micrunts	micrunt
micrurd	micrurd
micrurded	micrurd
micrurding	micrurd
micrurds	micrurd
micrurk	micrurk
micrurked	micrurk
micrurking	micrurk
micrurks	micrurk
micrurt	micrurt
micrurted	micrurt
micrurting	micrurt
micrurts	micrurt
micrusk	micrusk
micrusked	micrusk
micrusking	micrusk
micrusks	micrusk
micrust	micrust
micrusted	micrust
micrusting	micrust
micrusts	micrust
micruth	micruth
micruthed	micruth
micruthing	micruth
micruths	micruth
midack	midack
midacked	midack
midacking	midack
midacks	midack
midald	midald
midalded	midald
midalding	midald
midalds	midald
midamp	midamp
midamped	midamp
midamping	midamp
midamps	midamp
midand	midand
midanded	midand
midanding	midand
midands	midand
midang	midang
midanged	midang
midanging	midang
midangs	midang
midant	midant
midanted	midant
midanting	midant
midants	midant
midard	midard
midarded	midard
midarding	midard
midards	midard
midark	midark
midarked	midark
midarking	midark
midarks	midark
midart	midart
midarted	midart
midarting	midart
midarts	midart
midask	midask
midasked	midask
midasking	midask
midasks	midask
midast	midast
midasted	midast
midasting	midast
midasts	midast
midath	midath
midathed	midath
midathing	midath
midaths	midath
mideck	mideck
midecked	mideck
midecking	mideck
midecks	mideck
mideld	mideld
midelded	mideld
midelding	mideld
midelds	mideld
midemp	midemp
midemped	midemp
midemping	midemp
midemps	midemp
midend	midend
midended	midend
midending	midend
midends	midend
mideng	mideng
midenged	mideng
midenging	mideng
midengs	mideng
mident	mident
midented	mident
midenting	mident
midents	mident
miderd	miderd
miderded	miderd
miderding	miderd
miderds	miderd
miderk	miderk
miderked	miderk
miderking	miderk
miderks	miderk
midert	midert
miderted	midert
miderting	midert
miderts	midert
midesk	midesk
midesked	midesk
midesking	midesk
midesks	midesk
mideth	mideth
midethed	mideth
midething	mideth
mideths	mideth
midick	midick
midicked	midick
midicking	midick
midicks	midick
midild	midild
midilded	midild
midilding	midild
midilds	midild
midimp	midimp
midimped	midimp
midimping	midimp
midimps	midimp
midind	midind
midinded	midind
midinding	midind
midinds	midind
midint	midint
midinted	midint
midinting	midint
midints	midint
midird	midird
midirded	midird
midirding	midird
midirds	midird
midirk	midirk
midirked	midirk
midirking	midirk
midirks	midirk
midirt	midirt
midirted	midirt
midirting	midirt
midirts	midirt
midisk	midisk
midisked	midisk
midisking	midisk
midisks	midisk
midist	midist
midisted	midist
midisting	midist
midists	midist
midith	midith
midithed	midith
midithing	midith
midiths	midith
midold	midold
midolded	midold
midolding	midold
midolds	midold
midomp	midomp
midomped	midomp
midomping	midomp
midomps	midomp
midond	midond
midonded	midond
midonding	midond
midonds	midond
midong	midong
midonged	midong
midonging	midong
midongs	midong
midont	midont
midonted	midont
midonting	midont
midonts	midont
midord	midord
midorded	midord
midording	midord
midords	midord
midork	midork
midorked	midork
midorking	midork
midorks	midork
pababe	pababe
pababed	pababe
pababes	pababe
pababing	pababe
pabade	pabade
pabaded	pabade
pabades	pabade
pabading	pabade
pabafe	pabafe
pabafed	pabafe
pabafes	pabafe
pabafing	pabafe
pabage	pabage
pabaged	pabage
pabages	pabage
pabaging	pabage
pabame	pabame
pabamed	pabame
pabames	pabame
pabaming	pabame
pabane	pabane
pabaned	pabane
pabanes	pabane
pabaning	pabane
pabape	pabape
pabaped	pabape
pabapes	pabape
pabaping	pabape
pabare	pabare
pabared	pabare
pabares	pabare
pabaring	pabare
pabate	pabate
pabated	pabate
pabates	pabate
pabating	pabate
pabave	pabave
pabaved	pabave
pabaves	pabave
pabaving	pabave
pabebe	pabebe
pabebed	pabebe
pabebes	pabebe
pabebing	pabebe
pabede	pabede
pabeded	pabede
pabedes	pabede
pabeding	pabede
pabefe	pabefe
pabefed	pabefe
pabefes	pabefe
pabefing	pabefe
pabege	pabege
pabeged	pabege
pabeges	pabege
pabeging	pabege
pabeme	pabeme
pabemed	pabeme
pabemes	pabeme
pabeming	pabeme
pabene	pabene
pabened	pabene
pabenes	pabene
pabening	pabene
pabepe	pabepe
pabeped	pabepe
pabepes	pabepe
pabeping	pabepe
pabere	pabere
pabered	pabere
paberes	pabere
pabering	pabere
pabete	pabete
pabeted	pabete
pabetes	pabete
pabeting	pabete
pabeve	pabeve
pabeved	pabeve
pabeves	pabeve
pabeving	pabeve
pabibe	pabibe
pabibed	pabibe
pabibes	pabibe
pabibing	pabibe
pabide	pabide
pabided	pabide
pabides	pabide
pabiding	pabide
pabife	pabife
pabifed	pabife
pabifes	pabife
pabifing	pabife
pabige	pabige
pabiged	pabige
pabiges	pabige
pabiging	pabige
pabime	pabime
pabimed	pabime
pabimes	pabime
pabiming	pabime
pabine	pabine
pabined	pabine
pabines	pabine
pabining	pabine
pabipe	pabipe
pabiped	pabipe
pabipes	pabipe
pabiping	pabipe
pabire	pabire
pabired	pabire
pabires	pabire
pabiring	pabire
pabite	pabite
pabited	pabite
pabites	pabite
pabiting	pabite
pabive	pabive
pabived	pabive
pabives	pabive
pabiving	pabive
pablabe	pablabe
pablabed	pablabe
pablabes	pablabe
pablabing	pablabe
pablade	pablade
pabladed	pablade
pablades	pablade
pablading	pablade
pablafe	pablafe
pablafed	pablafe
pablafes	pablafe
pablafing	pablafe
pablage	pablage
pablaged	pablage
pablages	pablage
pablaging	pablage
pablame	pablame
pablamed	pablame
pablames	pablame
pablaming	pablame
pablane	pablane
pablaned	pablane
pablanes	pablane
pablaning	pablane
pablape	pablape
pablaped	pablape
pablapes	pablape
pablaping	pablape
pablare	pablare
pablared	pablare
pablares	pablare
pablaring	pablare
pablate	pablate
pablated	pablate
pablates	pablate
pablating	pablate
pablave	pablave
pablaved	pablave
pablaves	pablave
pablaving	pablave
pablebe	pablebe
pablebed	pablebe
pablebes	pablebe
pablebing	pablebe
pablede	pablede
pableded	pablede
pabledes	pablede
pableding	pablede
pablefe	pablefe
pablefed	pablefe
pablefes	pablefe
pablefing	pablefe
pablege	pablege
pableged	pablege
pableges	pablege
pableging	pablege
pableme	pableme
pablemed	pableme
pablemes	pableme
pableming	pableme
pablene	pablene
pablened	pablene
pablenes	pablene
pablening	pablene
pablepe	pablepe
pableped	pablepe
pablepes	pablepe
pableping	pablepe
pablere	pablere
pablered	pablere
pableres	pablere
pablering	pablere
pablete	pablete
pableted	pablete
pabletes	pablete
pableting	pablete
pableve	pableve
pableved	pableve
pableves	pableve
pableving	pableve
pablibe	pablibe
pablibed	pablibe
pablibes	pablibe
pablibing	pablibe
pablide	pablide
pablided	pablide
pablides	pablide
pabliding	pablide
pablife	pablife
pablifed	pablife
pablifes	pablife
pablifing	pablife
pablige	pablige
pabliged	pablige
pabliges	pablige
pabliging	pablige
pablime	pablime
pablimed	pablime
pablimes	pablime
pabliming	pablime
pabline	pabline
pablined	pabline
pablines	pabline
pablining	pabline
pablipe	pablipe
pabliped	pablipe
pablipes	pablipe
pabliping	pablipe
pablire	pablire
pablired	pablire
pablires	pablire
pabliring	pablire
pablite	pablite
pablited	pablite
pablites	pablite
pabliting	pablite
pablive	pablive
pablived	pablive
pablives	pablive
pabliving	pablive
pablobe	pablobe
pablobed	pablobe
pablobes	pablobe
pablobing	pablobe
pablode	pablode
pabloded	pablode
pablodes	pablode
pabloding	pablode
pablofe	pablofe
pablofed	pablofe
pablofes	pablofe
pablofing	pablofe
pabloge	pabloge
pabloged	pabloge
pabloges	pabloge
pabloging	pabloge
pablome	pablome
pablomed	pablome
pablomes	pablome
pabloming	pablome
pablone	pablone
pabloned	pablone
pablones	pablone
pabloning	pablone
pablope	pablope
pabloped	pablope
pablopes	pablope
pabloping	pablope
pablore	pablore
pablored	pablore
pablores	pablore
pabloring	pablore
pablote	pablote
pabloted	pablote
pablotes	pablote
pabloting	pablote
pablove	pablove
pabloved	pablove
pabloves	pablove
pabloving	pablove
pablube	pablube
pablubed	pablube
pablubes	pablube
pablubing	pablube
pablude	pablude
pabluded	pablude
pabludes	pablude
pabluding	pablude
pablufe	pablufe
pablufed	pablufe
pablufes	pablufe
pablufing	pablufe
pabluge	pabluge
pabluged	pabluge
pabluges	pabluge
pabluging	pabluge
pablume	pablume
pablumed	pablume
pablumes	pablume
pabluming	pablume
pablune	pablune
pabluned	pablune
pablunes	pablune
pabluning	pablune
pablupe	pablupe
pabluped	pablupe
pablupes	pablupe
pabluping	pablupe
pablure	pablure
pablured	pablure
pablures	pablure
pabluring	pablure
pablute	pablute
pabluted	pablute
pablutes	pablute
pabluting	pablute
pabluve	pabluve
pabluved	pabluve
pabluves	pabluve
pabluving	pabluve
pabobe	pabobe
pabobed	pabobe
pabobes	pabobe
pabobing	pabobe
pabode	pabode
paboded	pabode
pabodes	pabode
paboding	pabode
pabofe	pabofe
pabofed	pabofe
pabofes	pabofe
pabofing	pabofe
paboge	paboge
paboged	paboge
paboges	paboge
paboging	paboge
pabome	pabome
pabomed	pabome
pabomes	pabome
paboming	pabome
pabone	pabone
paboned	pabone
pabones	pabone
paboning	pabone
pabope	pabope
paboped	pabope
pabopes	pabope
paboping	pabope
pabore	pabore
pabored	pabore
pabores	pabore
paboring	pabore
pabote	pabote
paboted	pabote
pabotes	pabote
paboting	pabote
pabove	pabove
paboved	pabove
paboves	pabove
paboving	pabove
pabrabe	pabrabe
pabrabed	pabrabe
pabrabes	pabrabe
pabrabing	pabrabe
pabrade	pabrade
pabraded	pabrade
pabrades	pabrade
pabrading	pabrade
pabrafe	pabrafe
pabrafed	pabrafe
pabrafes	pabrafe
pabrafing	pabrafe
pabrage	pabrage
pabraged	pabrage
pabrages	pabrage
pabraging	pabrage
pabrame	pabrame
pabramed	pabrame
pabrames	pabrame
pabraming	pabrame
pabrane	pabrane
pabraned	pabrane
pabranes	pabrane
pabraning	pabrane
pabrape	pabrape
pabraped	pabrape
pabrapes	pabrape
pabraping	pabrape
pabrare	pabrare
pabrared	pabrare
pabrares	pabrare
pabraring	pabrare
pabrate	pabrate
pabrated	pabrate
pabrates	pabrate
pabrating	pabrate
pabrave	pabrave
pabraved	pabrave
pabraves	pabrave
pabraving	pabrave
pabrebe	pabrebe
pabrebed	pabrebe
pabrebes	pabrebe
pabrebing	pabrebe
pabrede	pabrede
pabreded	pabrede
pabredes	pabrede
pabreding	pabrede
pabrefe	pabrefe
pabrefed	pabrefe
pabrefes	pabrefe
pabrefing	pabrefe
pabrege	pabrege
pabreged	pabrege
pabreges	pabrege
pabreging	pabrege
pabreme	pabreme
pabremed	pabreme
pabremes	pabreme
pabreming	pabreme
pabrene	pabrene
pabrened	pabrene
pabrenes	pabrene
pabrening	pabrene
pabrepe	pabrepe
pabreped	pabrepe
pabrepes	pabrepe
pabreping	pabrepe
pabrere	pabrere
pabrered	pabrere
pabreres	pabrere
pabrering	pabrere
pabrete	pabrete
pabreted	pabrete
pabretes	pabrete
pabreting	pabrete
pabreve	pabreve
pabreved	pabreve
pabreves	pabreve
pabreving	pabreve
pabribe	pabribe
pabribed	pabribe
pabribes	pabribe
pabribing	pabribe
pabride	pabride
pabrided	pabride
pabrides	pabride
pabriding	pabride
pabrife	pabrife
pabrifed	pabrife
pabrifes	pabrife
pabrifing	pabrife
pabrige	pabrige
pabriged	pabrige
pabriges	pabrige
pabriging	pabrige
pabrime	pabrime
pabrimed	pabrime
pabrimes	pabrime
pabriming	pabrime
pabrine	pabrine
pabrined	pabrine
pabrines	pabrine
pabrining	pabrine
pabripe	pabripe
pabriped	pabripe
pabripes	pabripe
pabriping	pabripe
pabrire	pabrire
pabrired	pabrire
pabrires	pabrire
pabriring	pabrire
pabrite	pabrite
pabrited	pabrite
pabrites	pabrite
pabriting	pabrite
pabrive	pabrive
pabrived	pabrive
pabrives	pabrive
pabriving	pabrive
pabrobe	pabrobe
pabrobed	pabrobe
pabrobes	pabrobe
pabrobing	pabrobe
pabrode	pabrode
pabroded	pabrode
pabrodes	pabrode
pabroding	pabrode
pabrofe	pabrofe
pabrofed	pabrofe
pabrofes	pabrofe
pabrofing	pabrofe
pabroge	pabroge
pabroged	pabroge
pabroges	pabroge
pabroging	pabroge
pabrome	pabrome
pabromed	pabrome
pabromes	pabrome
pabroming	pabrome
pabrone	pabrone
pabroned	pabrone
pabrones	pabrone
pabroning	pabrone
pabrope	pabrope
pabroped	pabrope
pabropes	pabrope
pabroping	pabrope
pabrore	pabrore
pabrored	pabrore
pabrores	pabrore
pabroring	pabrore
pabrote	pabrote
pabroted	pabrote
pabrotes	pabrote
pabroting	pabrote
pabrove	pabrove
pabroved	pabrove
pabroves	pabrove
pabroving	pabrove
pabrube	pabrube
pabrubed	pabrube
pabrubes	pabrube
pabrubing	pabrube
pabrude	pabrude
pabruded	pabrude
pabrudes	pabrude
pabruding	pabrude
pabrufe	pabrufe
pabrufed	pabrufe
pabrufes	pabrufe
pabrufing	pabrufe
pabruge	pabruge
pabruged	pabruge
pabruges	pabruge
pabruging	pabruge
pabrume	pabrume
pabrumed	pabrume
pabrumes	pabrume
pabruming	pabrume
pabrune	pabrune
pabruned	pabrune
pabrunes	pabrune
pabruning	pabrune
pabrupe	pabrupe
pabruped	pabrupe
pabrupes	pabrupe
pabruping	pabrupe
pabrure	pabrure
pabrured	pabrure
pabrures	pabrure
pabruring	pabrure
pabrute	pabrute
pabruted	pabrute
pabrutes	pabrute
pabruting	pabrute
pabruve	pabruve
pabruved	pabruve
pabruves	pabruve
pabruving	pabruve
pabube	pabube
pabubed	pabube
pabubes	pabube
pabubing	pabube
pabude	pabude
pabuded	pabude
pabudes	pabude
pabuding	pabude
pabufe	pabufe
pabufed	pabufe
pabufes	pabufe
pabufing	pabufe
pabuge	pabuge
pabuged	pabuge
pabuges	pabuge
pabuging	pabuge
pabume	pabume
pabumed	pabume
pabumes	pabume
pabuming	pabume
pabune	pabune
pabuned	pabune
pabunes	pabune
pabuning	pabune
pabupe	pabupe
pabuped	pabupe
pabupes	pabupe
pabuping	pabupe
pabure	pabure
pabured	pabure
pabures	pabure
paburing	pabure
pabute	pabute
pabuted	pabute
pabutes	pabute
pabuting	pabute
pabuve	pabuve
pabuved	pabuve
pabuves	pabuve
pabuving	pabuve
paclabe	paclabe
paclabed	paclabe
paclabes	paclabe
paclabing	paclabe
paclade	paclade
pacladed	paclade
paclades	paclade
paclading	paclade
paclafe	paclafe
paclafed	paclafe
paclafes	paclafe
paclafing	paclafe
paclage	paclage
paclaged	paclage
paclages	paclage
paclaging	paclage
paclame	paclame
paclamed	paclame
paclames	paclame
paclaming	paclame
paclane	paclane
paclaned	paclane
paclanes	paclane
paclaning	paclane
paclape	paclape
paclaped	paclape
paclapes	paclape
paclaping	paclape
paclare	paclare
paclared	paclare
paclares	paclare
paclaring	paclare
paclate	paclate
paclated	paclate
paclates	paclate
paclating	paclate
paclave	paclave
paclaved	paclave
paclaves	paclave
paclaving	paclave
paclebe	paclebe
paclebed	paclebe
paclebes	paclebe
paclebing	paclebe
paclede	paclede
pacleded	paclede
pacledes	paclede
pacleding	paclede
paclefe	paclefe
paclefed	paclefe
paclefes	paclefe
paclefing	paclefe
paclege	paclege
pacleged	paclege
pacleges	paclege
pacleging	paclege
pacleme	pacleme
paclemed	pacleme
paclemes	pacleme
pacleming	pacleme
paclene	paclene
paclened	paclene
paclenes	paclene
paclening	paclene
paclepe	paclepe
pacleped	paclepe
paclepes	paclepe
pacleping	paclepe
paclere	paclere
paclered	paclere
pacleres	paclere
paclering	paclere
paclete	paclete
pacleted	paclete
pacletes	paclete
pacleting	paclete
pacleve	pacleve
pacleved	pacleve
pacleves	pacleve
pacleving	pacleve
paclibe	paclibe
paclibed	paclibe
paclibes	paclibe
paclibing	paclibe
paclide	paclide
paclided	paclide
paclides	paclide
pacliding	paclide
paclife	paclife
paclifed	paclife
paclifes	paclife
paclifing	paclife
paclige	paclige
pacliged	paclige
pacliges	paclige
pacliging	paclige
paclime	paclime
paclimed	paclime
paclimes	paclime
pacliming	paclime
pacline	pacline
paclined	pacline
paclines	pacline
paclining	pacline
paclipe	paclipe
pacliped	paclipe
paclipes	paclipe
pacliping	paclipe
paclire	paclire
paclired	paclire
paclires	paclire
pacliring	paclire
paclite	paclite
paclited	paclite
paclites	paclite
pacliting	paclite
paclive	paclive
paclived	paclive
paclives	paclive
pacliving	paclive
paclobe	paclobe
paclobed	paclobe
paclobes	paclobe
paclobing	paclobe
paclode	paclode
pacloded	paclode
paclodes	paclode
pacloding	paclode
paclofe	paclofe
paclofed	paclofe
paclofes	paclofe
paclofing	paclofe
pacloge	pacloge
pacloged	pacloge
pacloges	pacloge
pacloging	pacloge
paclome	paclome
paclomed	paclome
paclomes	paclome
pacloming	paclome
paclone	paclone
pacloned	paclone
paclones	paclone
pacloning	paclone
paclope	paclope
pacloped	paclope
paclopes	paclope
pacloping	paclope
paclore	paclore
paclored	paclore
paclores	paclore
pacloring	paclore
paclote	paclote
pacloted	paclote
paclotes	paclote
pacloting	paclote
paclove	paclove
pacloved	paclove
pacloves	paclove
pacloving	paclove
paclube	paclube
paclubed	paclube
paclubes	paclube
paclubing	paclube
paclude	paclude
pacluded	paclude
pacludes	paclude
pacluding	paclude
paclufe	paclufe
paclufed	paclufe
paclufes	paclufe
paclufing	paclufe
pacluge	pacluge
pacluged	pacluge
pacluges	pacluge
pacluging	pacluge
paclume	paclume
paclumed	paclume
paclumes	paclume
pacluming	paclume
paclune	paclune
pacluned	paclune
paclunes	paclune
pacluning	paclune
paclupe	paclupe
pacluped	paclupe
paclupes	paclupe
pacluping	paclupe
paclure	paclure
paclured	paclure
paclures	paclure
pacluring	paclure
paclute	paclute
pacluted	paclute
paclutes	paclute
pacluting	paclute
pacluve	pacluve
pacluved	pacluve
pacluves	pacluve
pacluving	pacluve
pacrabe	pacrabe
pacrabed	pacrabe
pacrabes	pacrabe
pacrabing	pacrabe
pacrade	pacrade
pacraded	pacrade
pacrades	pacrade
pacrading	pacrade
pacrafe	pacrafe
pacrafed	pacrafe
pacrafes	pacrafe
pacrafing	pacrafe
pacrage	pacrage
pacraged	pacrage
pacrages	pacrage
pacraging	pacrage
pacrame	pacrame
pacramed	pacrame
pacrames	pacrame
pacraming	pacrame
pacrane	pacrane
pacraned	pacrane
pacranes	pacrane
pacraning	pacrane
pacrape	pacrape
pacraped	pacrape
pacrapes	pacrape
pacraping	pacrape
pacrare	pacrare
pacrared	pacrare
pacrares	pacrare
pacraring	pacrare
pacrate	pacrate
pacrated	pacrate
pacrates	pacrate
pacrating	pacrate
pacrave	pacrave
pacraved	pacrave
pacraves	pacrave
pacraving	pacrave
pacrebe	pacrebe
pacrebed	pacrebe
pacrebes	pacrebe
pacrebing	pacrebe
pacrede	pacrede
pacreded	pacrede
pacredes	pacrede
pacreding	pacrede
pacrefe	pacrefe
pacrefed	pacrefe
pacrefes	pacrefe
pacrefing	pacrefe
pacrege	pacrege
pacreged	pacrege
pacreges	pacrege
pacreging	pacrege
pacreme	pacreme
pacremed	pacreme
pacremes	pacreme
pacreming	pacreme
pacrene	pacrene
pacrened	pacrene
pacrenes	pacrene
pacrening	pacrene
pacrepe	pacrepe
pacreped	pacrepe
pacrepes	pacrepe
pacreping	pacrepe
pacrere	pacrere
pacrered	pacrere
pacreres	pacrere
pacrering	pacrere
pacrete	pacrete
pacreted	pacrete
pacretes	pacrete
pacreting	pacrete
pacreve	pacreve
pacreved	pacreve
pacreves	pacreve
pacreving	pacreve
pacribe	pacribe
pacribed	pacribe
pacribes	pacribe
pacribing	pacribe
pacride	pacride
pacrided	pacride
pacrides	pacride
pacriding	pacride
pacrife	pacrife
pacrifed	pacrife
pacrifes	pacrife
pacrifing	pacrife
pacrige	pacrige
pacriged	pacrige
pacriges	pacrige
pacriging	pacrige
pacrime	pacrime
pacrimed	pacrime
pacrimes	pacrime
pacriming	pacrime
pacrine	pacrine
pacrined	pacrine
pacrines	pacrine
pacrining	pacrine
pacripe	pacripe
pacriped	pacripe
pacripes	pacripe
pacriping	pacripe
pacrire	pacrire
pacrired	pacrire
pacrires	pacrire
pacriring	pacrire
pacrite	pacrite
pacrited	pacrite
pacrites	pacrite
pacriting	pacrite
pacrive	pacrive
pacrived	pacrive
pacrives	pacrive
pacriving	pacrive
pacrobe	pacrobe
pacrobed	pacrobe
pacrobes	pacrobe
pacrobing	pacrobe
pacrode	pacrode
pacroded	pacrode
pacrodes	pacrode
pacroding	pacrode
pacrofe	pacrofe
pacrofed	pacrofe
pacrofes	pacrofe
pacrofing	pacrofe
pacroge	pacroge
pacroged	pacroge
pacroges	pacroge
pacroging	pacroge
pacrome	pacrome
pacromed	pacrome
pacromes	pacrome
pacroming	pacrome
pacrone	pacrone
pacroned	pacrone
pacrones	pacrone
pacroning	pacrone
pacrope	pacrope
pacroped	pacrope
pacropes	pacrope
pacroping	pacrope
pacrore	pacrore
pacrored	pacrore
pacrores	pacrore
pacroring	pacrore
pacrote	pacrote
pacroted	pacrote
pacrotes	pacrote
pacroting	pacrote
pacrove	pacrove
pacroved	pacrove
pacroves	pacrove
pacroving	pacrove
pacrube	pacrube
pacrubed	pacrube
pacrubes	pacrube
pacrubing	pacrube
pacrude	pacrude
pacruded	pacrude
pacrudes	pacrude
pacruding	pacrude
pacrufe	pacrufe
pacrufed	pacrufe
pacrufes	pacrufe
pacrufing	pacrufe
pacruge	pacruge
pacruged	pacruge
pacruges	pacruge
pacruging	pacruge
pacrume	pacrume
pacrumed	pacrume
pacrumes	pacrume
pacruming	pacrume
pacrune	pacrune
pacruned	pacrune
pacrunes	pacrune
pacruning	pacrune
pacrupe	pacrupe
pacruped	pacrupe
pacrupes	pacrupe
pacruping	pacrupe
pacrure	pacrure
pacrured	pacrure
pacrures	pacrure
pacruring	pacrure
pacrute	pacrute
pacruted	pacrute
pacrutes	pacrute
pacruting	pacrute
pacruve	pacruve
pacruved	pacruve
pacruves	pacruve
pacruving	pacruve
padabe	padabe
padabed	padabe
padabes	padabe
padabing	padabe
padade	padade
padaded	padade
padades	padade
padading	padade
padafe	padafe
padafed	padafe
padafes	padafe
padafing	padafe
padage	padage
padaged	padage
padages	padage
padaging	padage
padame	padame
padamed	padame
padames	padame
padaming	padame
padane	padane
padaned	padane
padanes	padane
padaning	padane
padape	padape
padaped	padape
padapes	padape
padaping	padape
padare	padare
padared	padare
padares	padare
padaring	padare
padate	padate
padated	padate
padates	padate
padating	padate
padave	padave
padaved	padave
padaves	padave
padaving	padave
padebe	padebe
padebed	padebe
padebes	padebe
padebing	padebe
padede	padede
padeded	padede
padedes	padede
padeding	padede
padefe	padefe
padefed	padefe
padefes	padefe
padefing	padefe
padege	padege
padeged	padege
padeges	padege
padeging	padege
pademe	pademe
pademed	pademe
pademes	pademe
pademing	pademe
padene	padene
padened	padene
padenes	padene
padening	padene
padepe	padepe
padeped	padepe
padepes	padepe
padeping	padepe
padere	padere
padered	padere
paderes	padere
padering	padere
padete	padete
padeted	padete
padetes	padete
padeting	padete
padeve	padeve
padeved	padeve
padeves	padeve
padeving	padeve
padibe	padibe
padibed	padibe
padibes	padibe
padibing	padibe
padide	padide
padided	padide
padides	padide
padiding	padide
padife	padife
padifed	padife
padifes	padife
padifing	padife
padige	padige
padiged	padige
padiges	padige
padiging	padige
padime	padime
padimed	padime
padimes	padime
padiming	padime
padine	padine
padined	padine
padines	padine
padining	padine
padipe	padipe
padiped	padipe
padipes	padipe
padiping	padipe
padire	padire
padired	padire
padires	padire
padiring	padire
padite	padite
padited	padite
padites	padite
paditing	padite
padive	padive
padived	padive
padives	padive
padiving	padive
padobe	padobe
padobed	padobe
padobes	padobe
padobing	padobe
padode	padode
padoded	padode
padodes	padode
padoding	padode
padofe	padofe
padofed	padofe
padofes	padofe
padofing	padofe
padoge	padoge
padoged	padoge
padoges	padoge
padoging	padoge
padome	padome
padomed	padome
padomes	padome
padoming	padome
padone	padone
padoned	padone
padones	padone
padoning	padone
padope	padope
padoped	padope
padopes	padope
padoping	padope
padore	padore
padored	padore
padores	padore
padoring	padore
padote	padote
padoted	padote
padotes	padote
padoting	padote
padove	padove
padoved	padove
padoves	padove
padoving	padove
padrabe	padrabe
padrabed	padrabe
padrabes	padrabe
padrabing	padrabe
padrade	padrade
padraded	padrade
padrades	padrade
padrading	padrade
padrafe	padrafe
padrafed	padrafe
padrafes	padrafe
padrafing	padrafe
padrage	padrage
padraged	padrage
padrages	padrage
padraging	padrage
padrame	padrame
padramed	padrame
padrames	padrame
padraming	padrame
padrane	padrane
padraned	padrane
padranes	padrane
padraning	padrane
padrape	padrape
padraped	padrape
padrapes	padrape
padraping	padrape
padrare	padrare
padrared	padrare
padrares	padrare
padraring	padrare
padrate	padrate
padrated	padrate
padrates	padrate
padrating	padrate
padrave	padrave
padraved	padrave
padraves	padrave
padraving	padrave
padrebe	padrebe
padrebed	padrebe
padrebes	padrebe
padrebing	padrebe
padrede	padrede
padreded	padrede
padredes	padrede
padreding	padrede
padrefe	padrefe
padrefed	padrefe
padrefes	padrefe
padrefing	padrefe
padrege	padrege
padreged	padrege
padreges	padrege
padreging	padrege
padreme	padreme
padremed	padreme
padremes	padreme
padreming	padreme
padrene	padrene
padrened	padrene
padrenes	padrene
padrening	padrene
padrepe	padrepe
padreped	padrepe
padrepes	padrepe
padreping	padrepe
padrere	padrere
padrered	padrere
padreres	padrere
padrering	padrere
padrete	padrete
padreted	padrete
padretes	padrete
padreting	padrete
padreve	padreve
padreved	padreve
padreves	padreve
padreving	padreve
padribe	padribe
padribed	padribe
padribes	padribe
padribing	padribe
padride	padride
padrided	padride
padrides	padride
padriding	padride
padrife	padrife
padrifed	padrife
padrifes	padrife
padrifing	padrife
padrige	padrige
padriged	padrige
padriges	padrige
padriging	padrige
padrime	padrime
padrimed	padrime
padrimes	padrime
padriming	padrime
padrine	padrine
padrined	padrine
padrines	padrine
padrining	padrine
padripe	padripe
padriped	padripe
padripes	padripe
padriping	padripe
padrire	padrire
padrired	padrire
padrires	padrire
padriring	padrire
padrite	padrite
padrited	padrite
padrites	padrite
padriting	padrite
padrive	padrive
padrived	padrive
padrives	padrive
padriving	padrive
padrobe	padrobe
padrobed	padrobe
padrobes	padrobe
padrobing	padrobe
padrode	padrode
padroded	padrode
padrodes	padrode
padroding	padrode
padrofe	padrofe
padrofed	padrofe
padrofes	padrofe
padrofing	padrofe
padroge	padroge
padroged	padroge
padroges	padroge
padroging	padroge
padrome	padrome
padromed	padrome
padromes	padrome
padroming	padrome
padrone	padrone
padroned	padrone
padrones	padrone
padroning	padrone
padrope	padrope
padroped	padrope
padropes	padrope
padroping	padrope
padrore	padrore
padrored	padrore
padrores	padrore
padroring	padrore
padrote	padrote
padroted	padrote
padrotes	padrote
padroting	padrote
padrove	padrove
padroved	padrove
padroves	padrove
padroving	padrove
padrube	padrube
padrubed	padrube
padrubes	padrube
padrubing	padrube
padrude	padrude
padruded	padrude
padrudes	padrude
padruding	padrude
padrufe	padrufe
padrufed	padrufe
padrufes	padrufe
padrufing	padrufe
padruge	padruge
padruged	padruge
padruges	padruge
padruging	padruge
padrume	padrume
padrumed	padrume
padrumes	padrume
padruming	padrume
padrune	padrune
padruned	padrune
padrunes	padrune
padruning	padrune
padrupe	padrupe
padruped	padrupe
padrupes	padrupe
padruping	padrupe
padrure	padrure
padrured	padrure
padrures	padrure
padruring	padrure
padrute	padrute
padruted	padrute
padrutes	padrute
padruting	padrute
padruve	padruve
padruved	padruve
padruves	padruve
padruving	padruve
padube	padube
padubed	padube
padubes	padube
padubing	padube
padude	padude
paduded	padude
padudes	padude
paduding	padude
padufe	padufe
padufed	padufe
padufes	padufe
padufing	padufe
paduge	paduge
paduged	paduge
paduges	paduge
paduging	paduge
padume	padume
padumed	padume
padumes	padume
paduming	padume
padune	padune
paduned	padune
padunes	padune
paduning	padune
padupe	padupe
paduped	padupe
padupes	padupe
paduping	padupe
padure	padure
padured	padure
padures	padure
paduring	padure
padute	padute
paduted	padute
padutes	padute
paduting	padute
paduve	paduve
paduved	paduve
paduves	paduve
paduving	paduve
padwabe	padwabe
padwabed	padwabe
padwabes	padwabe
padwabing	padwabe
padwade	padwade
padwaded	padwade
padwades	padwade
padwading	padwade
padwafe	padwafe
padwafed	padwafe
padwafes	padwafe
padwafing	padwafe
padwage	padwage
padwaged	padwage
padwages	padwage
padwaging	padwage
padwame	padwame
padwamed	padwame
padwames	padwame
padwaming	padwame
padwane	padwane
padwaned	padwane
padwanes	padwane
padwaning	padwane
padwape	padwape
padwaped	padwape
padwapes	padwape
padwaping	padwape
padware	padware
padwared	padware
padwares	padware
padwaring	padware
padwate	padwate
padwated	padwate
padwates	padwate
padwating	padwate
padwave	padwave
padwaved	padwave
padwaves	padwave
padwaving	padwave
padwebe	padwebe
padwebed	padwebe
padwebes	padwebe
padwebing	padwebe
padwede	padwede
padweded	padwede
padwedes	padwede
padweding	padwede
padwefe	padwefe
padwefed	padwefe
padwefes	padwefe
padwefing	padwefe
padwege	padwege
padweged	padwege
padweges	padwege
padweging	padwege
padweme	padweme
padwemed	padweme
padwemes	padweme
padweming	padweme
padwene	padwene
padwened	padwene
padwenes	padwene
padwening	padwene
padwepe	padwepe
padweped	padwepe
padwepes	padwepe
padweping	padwepe
padwere	padwere
padwered	padwere
padweres	padwere
padwering	padwere
padwete	padwete
padweted	padwete
padwetes	padwete
padweting	padwete
padweve	padweve
padweved	padweve
padweves	padweve
padweving	padweve
padwibe	padwibe
padwibed	padwibe
padwibes	padwibe
padwibing	padwibe
padwide	padwide
padwided	padwide
padwides	padwide
padwiding	padwide
padwife	padwife
padwifed	padwife
padwifes	padwife
padwifing	padwife
padwige	padwige
padwiged	padwige
padwiges	padwige
padwiging	padwige
padwime	padwime
padwimed	padwime
padwimes	padwime
padwiming	padwime
padwine	padwine
padwined	padwine
padwines	padwine
padwining	padwine
padwipe	padwipe
padwiped	padwipe
padwipes	padwipe
padwiping	padwipe
padwire	padwire
padwired	padwire
padwires	padwire
padwiring	padwire
padwite	padwite
padwited	padwite
padwites	padwite
padwiting	padwite
padwive	padwive
padwived	padwive
padwives	padwive
padwiving	padwive
padwobe	padwobe
padwobed	padwobe
padwobes	padwobe
padwobing	padwobe
padwode	padwode
padwoded	padwode
padwodes	padwode
padwoding	padwode
padwofe	padwofe
padwofed	padwofe
padwofes	padwofe
padwofing	padwofe
padwoge	padwoge
padwoged	padwoge
padwoges	padwoge
padwoging	padwoge
padwome	padwome
padwomed	padwome
padwomes	padwome
padwoming	padwome
padwone	padwone
padwoned	padwone
padwones	padwone
padwoning	padwone
padwope	padwope
padwoped	padwope
padwopes	padwope
padwoping	padwope
padwore	padwore
padwored	padwore
padwores	padwore
padworing	padwore
padwote	padwote
padwoted	padwote
padwotes	padwote
padwoting	padwote
padwove	padwove
padwoved	padwove
padwoves	padwove
padwoving	padwove
padwube	padwube
padwubed	padwube
padwubes	padwube
padwubing	padwube
padwude	padwude
padwuded	padwude
padwudes	padwude
padwuding	padwude
padwufe	padwufe
padwufed	padwufe
padwufes	padwufe
padwufing	padwufe
padwuge	padwuge
padwuged	padwuge
padwuges	padwuge
padwuging	padwuge
padwume	padwume
padwumed	padwume
padwumes	padwume
padwuming	padwume
padwune	padwune
padwuned	padwune
padwunes	padwune
padwuning	padwune
padwupe	padwupe
padwuped	padwupe
padwupes	padwupe
padwuping	padwupe
padwure	padwure
padwured	padwure
padwures	padwure
padwuring	padwure
padwute	padwute
padwuted	padwute
padwutes	padwute
padwuting	padwute
ribach	ribach
ribaches	ribach
ribash	ribash
ribashes	ribash
ribax	ribax
ribaxes	ribax
ribazz	ribazz
ribazzes	ribazz
ribech	ribech
ribeches	ribech
ribesh	ribesh
ribeshes	ribesh
ribex	ribex
ribexes	ribex
ribezz	ribezz
ribezzes	ribezz
ribich	ribich
ribiches	ribich
ribish	ribish
ribishes	ribish
ribix	ribix
ribixes	ribix
ribizz	ribizz
ribizzes	ribizz
riblach	riblach
riblaches	riblach
riblash	riblash
riblashes	riblash
riblax	riblax
riblaxes	riblax
riblazz	riblazz
riblazzes	riblazz
riblech	riblech
ribleches	riblech
riblesh	riblesh
ribleshes	riblesh
riblex	riblex
riblexes	riblex
riblezz	riblezz
riblezzes	riblezz
riblich	riblich
ribliches	riblich
riblish	riblish
riblishes	riblish
riblix	riblix
riblixes	riblix
riblizz	riblizz
riblizzes	riblizz
ribloch	ribloch
ribloches	ribloch
riblosh	riblosh
ribloshes	riblosh
riblox	riblox
ribloxes	riblox
riblozz	riblozz
riblozzes	riblozz
ribluch	ribluch
ribluches	ribluch
riblush	riblush
riblushes	riblush
riblux	riblux
ribluxes	riblux
ribluzz	ribluzz
ribluzzes	ribluzz
riboch	riboch
riboches	riboch
ribosh	ribosh
riboshes	ribosh
ribox	ribox
riboxes	ribox
ribozz	ribozz
ribozzes	ribozz
ribrach	ribrach
ribraches	ribrach
ribrash	ribrash
ribrashes	ribrash
ribrax	ribrax
ribraxes	ribrax
ribrazz	ribrazz
ribrazzes	ribrazz
ribrech	ribrech
ribreches	ribrech
ribresh	ribresh
ribreshes	ribresh
ribrex	ribrex
ribrexes	ribrex
ribrezz	ribrezz
ribrezzes	ribrezz
ribrich	ribrich
ribriches	ribrich
ribrish	ribrish
ribrishes	ribrish
ribrix	ribrix
ribrixes	ribrix
ribrizz	ribrizz
ribrizzes	ribrizz
ribroch	ribroch
ribroches	ribroch
ribrosh	ribrosh
ribroshes	ribrosh
ribrox	ribrox
ribroxes	ribrox
ribrozz	ribrozz
ribrozzes	ribrozz
ribruch	ribruch
ribruches	ribruch
ribrush	ribrush
ribrushes	ribrush
ribrux	ribrux
ribruxes	ribrux
ribruzz	ribruzz
ribruzzes	ribruzz
ribuch	ribuch
ribuches	ribuch
ribush	ribush
ribushes	ribush
ribux	ribux
ribuxes	ribux
ribuzz	ribuzz
ribuzzes	ribuzz
riclach	riclach
riclaches	riclach
riclash	riclash
riclashes	riclash
riclax	riclax
riclaxes	riclax
riclazz	riclazz
riclazzes	riclazz
riclech	riclech
ricleches	riclech
riclesh	riclesh
ricleshes	riclesh
riclex	riclex
riclexes	riclex
riclezz	riclezz
riclezzes	riclezz
riclich	riclich
ricliches	riclich
riclish	riclish
riclishes	riclish
riclix	riclix
riclixes	riclix
riclizz	riclizz
riclizzes	riclizz
ricloch	ricloch
ricloches	ricloch
riclosh	riclosh
ricloshes	riclosh
riclox	riclox
ricloxes	riclox
riclozz	riclozz
riclozzes	riclozz
ricluch	ricluch
ricluches	ricluch
riclush	riclush
riclushes	riclush
riclux	riclux
ricluxes	riclux
ricluzz	ricluzz
ricluzzes	ricluzz
ricrach	ricrach
ricraches	ricrach
ricrash	ricrash
ricrashes	ricrash
ricrax	ricrax
ricraxes	ricrax
ricrazz	ricrazz
ricrazzes	ricrazz
ricrech	ricrech
ricreches	ricrech
ricresh	ricresh
ricreshes	ricresh
ricrex	ricrex
ricrexes	ricrex
ricrezz	ricrezz
ricrezzes	ricrezz
ricrich	ricrich
ricriches	ricrich
ricrish	ricrish
ricrishes	ricrish
ricrix	ricrix
ricrixes	ricrix
ricrizz	ricrizz
ricrizzes	ricrizz
ricroch	ricroch
ricroches	ricroch
ricrosh	ricrosh
ricroshes	ricrosh
ricrox	ricrox
ricroxes	ricrox
ricrozz	ricrozz
ricrozzes	ricrozz
ricruch	ricruch
ricruches	ricruch
ricrush	ricrush
ricrushes	ricrush
ricrux	ricrux
ricruxes	ricrux
ricruzz	ricruzz
ricruzzes	ricruzz
ridach	ridach
ridaches	ridach
ridash	ridash
ridashes	ridash
ridax	ridax
ridaxes	ridax
ridazz	ridazz
ridazzes	ridazz
ridech	ridech
rideches	ridech
ridesh	ridesh
rideshes	ridesh
ridex	ridex
ridexes	ridex
ridezz	ridezz
ridezzes	ridezz
ridich	ridich
ridiches	ridich
ridish	ridish
ridishes	ridish
ridix	ridix
ridixes	ridix
ridizz	ridizz
ridizzes	ridizz
ridoch	ridoch
ridoches	ridoch
ridosh	ridosh
ridoshes	ridosh
ridox	ridox
ridoxes	ridox
ridozz	ridozz
ridozzes	ridozz
ridrach	ridrach
ridraches	ridrach
ridrash	ridrash
ridrashes	ridrash
ridrax	ridrax
ridraxes	ridrax
ridrazz	ridrazz
ridrazzes	ridrazz
ridrech	ridrech
ridreches	ridrech
ridresh	ridresh
ridreshes	ridresh
ridrex	ridrex
ridrexes	ridrex
ridrezz	ridrezz
ridrezzes	ridrezz
ridrich	ridrich
ridriches	ridrich
ridrish	ridrish
ridrishes	ridrish
ridrix	ridrix
ridrixes	ridrix
ridrizz	ridrizz
ridrizzes	ridrizz
ridroch	ridroch
ridroches	ridroch
ridrosh	ridrosh
ridroshes	ridrosh
ridrox	ridrox
ridroxes	ridrox
ridrozz	ridrozz
ridrozzes	ridrozz
ridruch	ridruch
ridruches	ridruch
ridrush	ridrush
ridrushes	ridrush
ridrux	ridrux
ridruxes	ridrux
ridruzz	ridruzz
ridruzzes	ridruzz
riduch	riduch
riduches	riduch
ridush	ridush
ridushes	ridush
ridux	ridux
riduxes	ridux
riduzz	riduzz
riduzzes	riduzz
ridwach	ridwach
ridwaches	ridwach
ridwash	ridwash
ridwashes	ridwash
ridwax	ridwax
ridwaxes	ridwax
ridwazz	ridwazz
ridwazzes	ridwazz
ridwech	ridwech
ridweches	ridwech
ridwesh	ridwesh
ridweshes	ridwesh
ridwex	ridwex
ridwexes	ridwex
ridwezz	ridwezz
ridwezzes	ridwezz
ridwich	ridwich
ridwiches	ridwich
ridwish	ridwish
ridwishes	ridwish
ridwix	ridwix
ridwixes	ridwix
ridwizz	ridwizz
ridwizzes	ridwizz
ridwoch	ridwoch
ridwoches	ridwoch
ridwosh	ridwosh
ridwoshes	ridwosh
ridwox	ridwox
ridwoxes	ridwox
ridwozz	ridwozz
ridwozzes	ridwozz
ridwuch	ridwuch
ridwuches	ridwuch
ridwush	ridwush
ridwushes	ridwush
ridwux	ridwux
ridwuxes	ridwux
ridwuzz	ridwuzz
ridwuzzes	ridwuzz
rifach	rifach
rifaches	rifach
rifash	rifash
rifashes	rifash
rifax	rifax
rifaxes	rifax
rifazz	rifazz
rifazzes	rifazz
rifech	rifech
rifeches	rifech
rifesh	rifesh
rifeshes	rifesh
rifex	rifex
rifexes	rifex
rifezz	rifezz
rifezzes	rifezz
rifich	rifich
rifiches	rifich
rifish	rifish
rifishes	rifish
rifix	rifix
rifixes	rifix
rifizz	rifizz
rifizzes	rifizz
riflach	riflach
riflaches	riflach
riflash	riflash
riflashes	riflash
riflax	riflax
riflaxes	riflax
riflazz	riflazz
riflazzes	riflazz
riflech	riflech
rifleches	riflech
riflesh	riflesh
rifleshes	riflesh
riflex	riflex
riflexes	riflex
riflezz	riflezz
riflezzes	riflezz
riflich	riflich
rifliches	riflich
riflish	riflish
riflishes	riflish
riflix	riflix
riflixes	riflix
riflizz	riflizz
riflizzes	riflizz
rifloch	rifloch
rifloches	rifloch
riflosh	riflosh
rifloshes	riflosh
riflox	riflox
rifloxes	riflox
riflozz	riflozz
riflozzes	riflozz
rifluch	rifluch
rifluches	rifluch
riflush	riflush
riflushes	riflush
riflux	riflux
rifluxes	riflux
rifluzz	rifluzz
rifluzzes	rifluzz
rifoch	rifoch
rifoches	rifoch
rifosh	rifosh
rifoshes	rifosh
rifox	rifox
rifoxes	rifox
rifozz	rifozz
rifozzes	rifozz
rifrach	rifrach
rifraches	rifrach
rifrash	rifrash
rifrashes	rifrash
rifrax	rifrax
rifraxes	rifrax
rifrazz	rifrazz
rifrazzes	rifrazz
rifrech	rifrech
rifreches	rifrech
rifresh	rifresh
rifreshes	rifresh
rifrex	rifrex
rifrexes	rifrex
rifrezz	rifrezz
rifrezzes	rifrezz
rifrich	rifrich
rifriches	rifrich
rifrish	rifrish
rifrishes	rifrish
rifrix	rifrix
rifrixes	rifrix
rifrizz	rifrizz
rifrizzes	rifrizz
rifroch	rifroch
rifroches	rifroch
rifrosh	rifrosh
rifroshes	rifrosh
rifrox	rifrox
rifroxes	rifrox
rifrozz	rifrozz
rifrozzes	rifrozz
rifruch	rifruch
rifruches	rifruch
rifrush	rifrush
rifrushes	rifrush
rifrux	rifrux
rifruxes	rifrux
rifruzz	rifruzz
rifruzzes	rifruzz
rifuch	rifuch
rifuches	rifuch
rifush	rifush
rifushes	rifush
rifux	rifux
rifuxes	rifux
rifuzz	rifuzz
rifuzzes	rifuzz
rigach	rigach
rigaches	rigach
rigash	rigash
rigashes	rigash
rigax	rigax
rigaxes	rigax
rigazz	rigazz
rigazzes	rigazz
rigech	rigech
rigeches	rigech
rigesh	rigesh
rigeshes	rigesh
rigex	rigex
rigexes	rigex
rigezz	rigezz
rigezzes	rigezz
rigich	rigich
rigiches	rigich
rigish	rigish
rigishes	rigish
rigix	rigix
rigixes	rigix
rigizz	rigizz
rigizzes	rigizz
riglach	riglach
riglaches	riglach
riglash	riglash
riglashes	riglash
riglax	riglax
riglaxes	riglax
riglazz	riglazz
riglazzes	riglazz
riglech	riglech
rigleches	riglech
riglesh	riglesh
rigleshes	riglesh
riglex	riglex
riglexes	riglex
riglezz	riglezz
riglezzes	riglezz
riglich	riglich
rigliches	riglich
riglish	riglish
riglishes	riglish
riglix	riglix
riglixes	riglix
riglizz	riglizz
riglizzes	riglizz
rigloch	rigloch
rigloches	rigloch
riglosh	riglosh
rigloshes	riglosh
riglox	riglox
rigloxes	riglox
riglozz	riglozz
riglozzes	riglozz
rigluch	rigluch
rigluches	rigluch
riglush	riglush
riglushes	riglush
riglux	riglux
rigluxes	riglux
rigluzz	rigluzz
rigluzzes	rigluzz
rigoch	rigoch
rigoches	rigoch
rigosh	rigosh
rigoshes	rigosh
rigox	rigox
rigoxes	rigox
rigozz	rigozz
rigozzes	rigozz
rigrach	rigrach
rigraches	rigrach
rigrash	rigrash
rigrashes	rigrash
rigrax	rigrax
rigraxes	rigrax
rigrazz	rigrazz
rigrazzes	rigrazz
rigrech	rigrech
rigreches	rigrech
rigresh	rigresh
rigreshes	rigresh
rigrex	rigrex
rigrexes	rigrex
rigrezz	rigrezz
rigrezzes	rigrezz
rigrich	rigrich
rigriches	rigrich
rigrish	rigrish
rigrishes	rigrish
rigrix	rigrix
rigrixes	rigrix
rigrizz	rigrizz
rigrizzes	rigrizz
rigroch	rigroch
rigroches	rigroch
rigrosh	rigrosh
rigroshes	rigrosh
rigrox	rigrox
rigroxes	rigrox
rigrozz	rigrozz
rigrozzes	rigrozz
rigruch	rigruch
rigruches	rigruch
rigrush	rigrush
rigrushes	rigrush
rigrux	rigrux
rigruxes	rigrux
rigruzz	rigruzz
rigruzzes	rigruzz
riguch	riguch
riguches	riguch
rigush	rigush
rigushes	rigush
rigux	rigux
riguxes	rigux
riguzz	riguzz
riguzzes	riguzz
rikach	rikach
rikaches	rikach
rikash	rikash
rikashes	rikash
rikax	rikax
rikaxes	rikax
rikazz	rikazz
rikazzes	rikazz
rikech	rikech
rikeches	rikech
rikesh	rikesh
rikeshes	rikesh
rikex	rikex
rikexes	rikex
rikezz	rikezz
rikezzes	rikezz
rikich	rikich
rikiches	rikich
rikish	rikish
rikishes	rikish
rikix	rikix
rikixes	rikix
rikizz	rikizz
rikizzes	rikizz
rikoch	rikoch
rikoches	rikoch
rikosh	rikosh
rikoshes	rikosh
rikox	rikox
rikoxes	rikox
rikozz	rikozz
rikozzes	rikozz
rikrach	rikrach
rikraches	rikrach
rikrash	rikrash
rikrashes	rikrash
rikrax	rikrax
rikraxes	rikrax
rikrazz	rikrazz
rikrazzes	rikrazz
rikrech	rikrech
rikreches	rikrech
rikresh	rikresh
rikreshes	rikresh
rikrex	rikrex
rikrexes	rikrex
rikrezz	rikrezz
rikrezzes	rikrezz
rikrich	rikrich
rikriches	rikrich
rikrish	rikrish
rikrishes	rikrish
rikrix	rikrix
rikrixes	rikrix
rikrizz	rikrizz
rikrizzes	rikrizz
rikroch	rikroch
rikroches	rikroch
rikrosh	rikrosh
rikroshes	rikrosh
rikrox	rikrox
rikroxes	rikrox
rikrozz	rikrozz
rikrozzes	rikrozz
rikruch	rikruch
rikruches	rikruch
rikrush	rikrush
rikrushes	rikrush
rikrux	rikrux
rikruxes	rikrux
rikruzz	rikruzz
rikruzzes	rikruzz
rikuch	rikuch
rikuches	rikuch
rikush	rikush
rikushes	rikush
rikux	rikux
rikuxes	rikux
rikuzz	rikuzz
rikuzzes	rikuzz
rilach	rilach
rilaches	rilach
rilash	rilash
rilashes	rilash
rilax	rilax
rilaxes	rilax
rilazz	rilazz
rilazzes	rilazz
rilech	rilech
rileches	rilech
rilesh	rilesh
rileshes	rilesh
rilex	rilex
rilexes	rilex
rilezz	rilezz
rilezzes	rilezz
rilich	rilich
riliches	rilich
rilish	rilish
rilishes	rilish
rilix	rilix
rilixes	rilix
rilizz	rilizz
rilizzes	rilizz
riloch	riloch
riloches	riloch
rilosh	rilosh
riloshes	rilosh
rilox	rilox
riloxes	rilox
rilozz	rilozz
rilozzes	rilozz
riluch	riluch
riluches	riluch
rilush	rilush
rilushes	rilush
rilux	rilux
riluxes	rilux
riluzz	riluzz
riluzzes	riluzz
rimach	rimach
rimaches	rimach
rimash	rimash
rimashes	rimash
rimax	rimax
rimaxes	rimax
rimazz	rimazz
rimazzes	rimazz
rimech	rimech
rimeches	rimech
rimesh	rimesh
rimeshes	rimesh
rimex	rimex
rimexes	rimex
rimezz	rimezz
rimezzes	rimezz
rimich	rimich
rimiches	rimich
rimish	rimish
rimishes	rimish
rimix	rimix
rimixes	rimix
rimizz	rimizz
rimizzes	rimizz
rimoch	rimoch
rimoches	rimoch
rimosh	rimosh
rimoshes	rimosh
rimox	rimox
rimoxes	rimox
rimozz	rimozz
rimozzes	rimozz
rimuch	rimuch
rimuches	rimuch
rimush	rimush
rimushes	rimush
rimux	rimux
rimuxes	rimux
rimuzz	rimuzz
rimuzzes	rimuzz
rinach	rinach
rinaches	rinach
rinash	rinash
rinashes	rinash
rinax	rinax
rinaxes	rinax
rinazz	rinazz
rinazzes	rinazz
rinech	rinech
rineches	rinech
rinesh	rinesh
rineshes	rinesh
rinex	rinex
rinexes	rinex
rinezz	rinezz
rinezzes	rinezz
rinich	rinich
riniches	rinich
rinish	rinish
rinishes	rinish
rinix	rinix
rinixes	rinix
rinizz	rinizz
rinizzes	rinizz
rinoch	rinoch
rinoches	rinoch
rinosh	rinosh
rinoshes	rinosh
rinox	rinox
rinoxes	rinox
rinozz	rinozz
rinozzes	rinozz
rinuch	rinuch
rinuches	rinuch
rinush	rinush
rinushes	rinush
rinux	rinux
rinuxes	rinux
rinuzz	rinuzz
rinuzzes	rinuzz
ripach	ripach
ripaches	ripach
ripash	ripash
ripashes	ripash
ripax	ripax
ripaxes	ripax
ripazz	ripazz
ripazzes	ripazz
ripech	ripech
ripeches	ripech
ripesh	ripesh
ripeshes	ripesh
ripex	ripex
ripexes	ripex
ripezz	ripezz
ripezzes	ripezz
ripich	ripich
ripiches	ripich
ripish	ripish
ripishes	ripish
ripix	ripix
ripixes	ripix
ripizz	ripizz
ripizzes	ripizz
ripoch	ripoch
ripoches	ripoch
riposh	riposh
riposhes	riposh
ripox	ripox
ripoxes	ripox
ripozz	ripozz
ripozzes	ripozz
ripuch	ripuch
ripuches	ripuch
ripush	ripush
ripushes	ripush
ripux	ripux
ripuxes	ripux
ripuzz	ripuzz
ripuzzes	ripuzz
tababies	tababy
tababy	tababy
tabackies	tabacky
tabacky	tabacky
tabadies	tabady
tabady	tabady
tabafies	tabafy
tabafy	tabafy
tabagies	tabagy
tabagy	tabagy
tabalies	tabaly
tabaly	tabaly
tabamies	tabamy
tabamy	tabamy
tabanies	tabany
tabany	tabany
tabapies	tabapy
tabapy	tabapy
tabaries	tabary
tabary	tabary
tabathies	tabathy
tabathy	tabathy
tabaties	tabaty
tabaty	tabaty
tabavies	tabavy
tabavy	tabavy
tabebies	tabeby
tabeby	tabeby
tabeckies	tabecky
tabecky	tabecky
tabedies	tabedy
tabedy	tabedy
tabefies	tabefy
tabefy	tabefy
tabegies	tabegy
tabegy	tabegy
tabelies	tabely
tabely	tabely
tabemies	tabemy
tabemy	tabemy
tabenies	tabeny
tabeny	tabeny
tabepies	tabepy
tabepy	tabepy
taberies	tabery
tabery	tabery
tabethies	tabethy
tabethy	tabethy
tabeties	tabety
tabety	tabety
tabevies	tabevy
tabevy	tabevy
tabibies	tabiby
tabiby	tabiby
tabickies	tabicky
tabicky	tabicky
tabidies	tabidy
tabidy	tabidy
tabifies	tabify
tabify	tabify
tabigies	tabigy
tabigy	tabigy
tabilies	tabily
tabily	tabily
tabimies	tabimy
tabimy	tabimy
tabinies	tabiny
tabiny	tabiny
tabipies	tabipy
tabipy	tabipy
tabiries	tabiry
tabiry	tabiry
tabithies	tabithy
tabithy	tabithy
tabities	tabity
tabity	tabity
tabivies	tabivy
tabivy	tabivy
tablabies	tablaby
tablaby	tablaby
tablackies	tablacky
tablacky	tablacky
tabladies	tablady
tablady	tablady
tablafies	tablafy
tablafy	tablafy
tablagies	tablagy
tablagy	tablagy
tablalies	tablaly
tablaly	tablaly
tablamies	tablamy
tablamy	tablamy
tablanies	tablany
tablany	tablany
tablapies	tablapy
tablapy	tablapy
tablaries	tablary
tablary	tablary
tablathies	tablathy
tablathy	tablathy
tablaties	tablaty
tablaty	tablaty
tablavies	tablavy
tablavy	tablavy
tablebies	tableby
tableby	tableby
tableckies	tablecky
tablecky	tablecky
tabledies	tabledy
tabledy	tabledy
tablefies	tablefy
tablefy	tablefy
tablegies	tablegy
tablegy	tablegy
tablelies	tablely
tablely	tablely
tablemies	tablemy
tablemy	tablemy
tablenies	tableny
tableny	tableny
tablepies	tablepy
tablepy	tablepy
tableries	tablery
tablery	tablery
tablethies	tablethy
tablethy	tablethy
tableties	tablety
tablety	tablety
tablevies	tablevy
tablevy	tablevy
tablibies	tabliby
tabliby	tabliby
tablickies	tablicky
tablicky	tablicky
tablidies	tablidy
tablidy	tablidy
tablifies	tablify
tablify	tablify
tabligies	tabligy
tabligy	tabligy
tablilies	tablily
tablily	tablily
tablimies	tablimy
tablimy	tablimy
tablinies	tabliny
tabliny	tabliny
tablipies	tablipy
tablipy	tablipy
tabliries	tabliry
tabliry	tabliry
tablithies	tablithy
tablithy	tablithy
tablities	tablity
tablity	tablity
tablivies	tablivy
tablivy	tablivy
tablobies	tabloby
tabloby	tabloby
tablockies	tablocky
tablocky	tablocky
tablodies	tablody
tablody	tablody
tablofies	tablofy
tablofy	tablofy
tablogies	tablogy
tablogy	tablogy
tablolies	tabloly
tabloly	tabloly
tablomies	tablomy
tablomy	tablomy
tablonies	tablony
tablony	tablony
tablopies	tablopy
tablopy	tablopy
tablories	tablory
tablory	tablory
tablothies	tablothy
tablothy	tablothy
tabloties	tabloty
tabloty	tabloty
tablovies	tablovy
tablovy	tablovy
tablubies	tabluby
tabluby	tabluby
tabluckies	tablucky
tablucky	tablucky
tabludies	tabludy
tabludy	tabludy
tablufies	tablufy
tablufy	tablufy
tablugies	tablugy
tablugy	tablugy
tablulies	tabluly
tabluly	tabluly
tablumies	tablumy
tablumy	tablumy
tablunies	tabluny
tabluny	tabluny
tablupies	tablupy
tablupy	tablupy
tabluries	tablury
tablury	tablury
tabluthies	tabluthy
tabluthy	tabluthy
tabluties	tabluty
tabluty	tabluty
tabluvies	tabluvy
tabluvy	tabluvy
tabobies	taboby
taboby	taboby
tabockies	tabocky
tabocky	tabocky
tabodies	tabody
tabody	tabody
tabofies	tabofy
tabofy	tabofy
tabogies	tabogy
tabogy	tabogy
tabolies	taboly
taboly	taboly
tabomies	tabomy
tabomy	tabomy
tabonies	tabony
tabony	tabony
tabopies	tabopy
tabopy	tabopy
tabories	tabory
tabory	tabory
tabothies	tabothy
tabothy	tabothy
taboties	taboty
taboty	taboty
tabovies	tabovy
tabovy	tabovy
tabrabies	tabraby
tabraby	tabraby
tabrackies	tabracky
tabracky	tabracky
tabradies	tabrady
tabrady	tabrady
tabrafies	tabrafy
tabrafy	tabrafy
tabragies	tabragy
tabragy	tabragy
tabralies	tabraly
tabraly	tabraly
tabramies	tabramy
tabramy	tabramy
tabranies	tabrany
tabrany	tabrany
tabrapies	tabrapy
tabrapy	tabrapy
tabraries	tabrary
tabrary	tabrary
tabrathies	tabrathy
tabrathy	tabrathy
tabraties	tabraty
tabraty	tabraty
tabravies	tabravy
tabravy	tabravy
tabrebies	tabreby
tabreby	tabreby
tabreckies	tabrecky
tabrecky	tabrecky
tabredies	tabredy
tabredy	tabredy
tabrefies	tabrefy
tabrefy	tabrefy
tabregies	tabregy
tabregy	tabregy
tabrelies	tabrely
tabrely	tabrely
tabremies	tabremy
tabremy	tabremy
tabrenies	tabreny
tabreny	tabreny
tabrepies	tabrepy
tabrepy	tabrepy
tabreries	tabrery
tabrery	tabrery
tabrethies	tabrethy
tabrethy	tabrethy
tabreties	tabrety
tabrety	tabrety
tabrevies	tabrevy
tabrevy	tabrevy
tabribies	tabriby
tabriby	tabriby
tabrickies	tabricky
tabricky	tabricky
tabridies	tabridy
tabridy	tabridy
tabrifies	tabrify
tabrify	tabrify
tabrigies	tabrigy
tabrigy	tabrigy
tabrilies	tabrily
tabrily	tabrily
tabrimies	tabrimy
tabrimy	tabrimy
tabrinies	tabriny
tabriny	tabriny
tabripies	tabripy
tabripy	tabripy
tabriries	tabriry
tabriry	tabriry
tabrithies	tabrithy
tabrithy	tabrithy
tabrities	tabrity
tabrity	tabrity
tabrivies	tabrivy
tabrivy	tabrivy
tabrobies	tabroby
tabroby	tabroby
tabrockies	tabrocky
tabrocky	tabrocky
tabrodies	tabrody
tabrody	tabrody
tabrofies	tabrofy
tabrofy	tabrofy
tabrogies	tabrogy
tabrogy	tabrogy
tabrolies	tabroly
tabroly	tabroly
tabromies	tabromy
tabromy	tabromy
tabronies	tabrony
tabrony	tabrony
tabropies	tabropy
tabropy	tabropy
tabrories	tabrory
tabrory	tabrory
tabrothies	tabrothy
tabrothy	tabrothy
tabroties	tabroty
tabroty	tabroty
tabrovies	tabrovy
tabrovy	tabrovy
tabrubies	tabruby
tabruby	tabruby
tabruckies	tabrucky
tabrucky	tabrucky
tabrudies	tabrudy
tabrudy	tabrudy
tabrufies	tabrufy
tabrufy	tabrufy
tabrugies	tabrugy
tabrugy	tabrugy
tabrulies	tabruly
tabruly	tabruly
tabrumies	tabrumy
tabrumy	tabrumy
tabrunies	tabruny
tabruny	tabruny
tabrupies	tabrupy
tabrupy	tabrupy
tabruries	tabrury
tabrury	tabrury
tabruthies	tabruthy
tabruthy	tabruthy
tabruties	tabruty
tabruty	tabruty
tabruvies	tabruvy
tabruvy	tabruvy
tabubies	tabuby
tabuby	tabuby
tabuckies	tabucky
tabucky	tabucky
tabudies	tabudy
tabudy	tabudy
tabufies	tabufy
tabufy	tabufy
tabugies	tabugy
tabugy	tabugy
tabulies	tabuly
tabuly	tabuly
tabumies	tabumy
tabumy	tabumy
tabunies	tabuny
tabuny	tabuny
tabupies	tabupy
tabupy	tabupy
taburies	tabury
tabury	tabury
tabuthies	tabuthy
tabuthy	tabuthy
tabuties	tabuty
tabuty	tabuty
tabuvies	tabuvy
tabuvy	tabuvy
taclabies	taclaby
taclaby	taclaby
taclackies	taclacky
taclacky	taclacky
tacladies	taclady
taclady	taclady
taclafies	taclafy
taclafy	taclafy
taclagies	taclagy
taclagy	taclagy
taclalies	taclaly
taclaly	taclaly
taclamies	taclamy
taclamy	taclamy
taclanies	taclany
taclany	taclany
taclapies	taclapy
taclapy	taclapy
taclaries	taclary
taclary	taclary
taclathies	taclathy
taclathy	taclathy
taclaties	taclaty
taclaty	taclaty
taclavies	taclavy
taclavy	taclavy
taclebies	tacleby
tacleby	tacleby
tacleckies	taclecky
taclecky	taclecky
tacledies	tacledy
tacledy	tacledy
taclefies	taclefy
taclefy	taclefy
taclegies	taclegy
taclegy	taclegy
taclelies	taclely
taclely	taclely
taclemies	taclemy
taclemy	taclemy
taclenies	tacleny
tacleny	tacleny
taclepies	taclepy
taclepy	taclepy
tacleries	taclery
taclery	taclery
taclethies	taclethy
taclethy	taclethy
tacleties	taclety
taclety	taclety
taclevies	taclevy
taclevy	taclevy
taclibies	tacliby
tacliby	tacliby
taclickies	taclicky
taclicky	taclicky
taclidies	taclidy
taclidy	taclidy
taclifies	taclify
taclify	taclify
tacligies	tacligy
tacligy	tacligy
taclilies	taclily
taclily	taclily
taclimies	taclimy
taclimy	taclimy
taclinies	tacliny
tacliny	tacliny
taclipies	taclipy
taclipy	taclipy
tacliries	tacliry
tacliry	tacliry
taclithies	taclithy
taclithy	taclithy
taclities	taclity
taclity	taclity
taclivies	taclivy
taclivy	taclivy
taclobies	tacloby
tacloby	tacloby
taclockies	taclocky
taclocky	taclocky
taclodies	taclody
taclody	taclody
taclofies	taclofy
taclofy	taclofy
taclogies	taclogy
taclogy	taclogy
taclolies	tacloly
tacloly	tacloly
taclomies	taclomy
taclomy	taclomy
taclonies	taclony
taclony	taclony
taclopies	taclopy
taclopy	taclopy
taclories	taclory
taclory	taclory
taclothies	taclothy
taclothy	taclothy
tacloties	tacloty
tacloty	tacloty
taclovies	taclovy
taclovy	taclovy
taclubies	tacluby
tacluby	tacluby
tacluckies	taclucky
taclucky	taclucky
tacludies	tacludy
tacludy	tacludy
taclufies	taclufy
taclufy	taclufy
taclugies	taclugy
taclugy	taclugy
taclulies	tacluly
tacluly	tacluly
taclumies	taclumy
taclumy	taclumy
taclunies	tacluny
tacluny	tacluny
taclupies	taclupy
taclupy	taclupy
tacluries	taclury
taclury	taclury
tacluthies	tacluthy
tacluthy	tacluthy
tacluties	tacluty
tacluty	tacluty
tacluvies	tacluvy
tacluvy	tacluvy
tacrabies	tacraby
tacraby	tacraby
tacrackies	tacracky
tacracky	tacracky
tacradies	tacrady
tacrady	tacrady
tacrafies	tacrafy
tacrafy	tacrafy
tacragies	tacragy
tacragy	tacragy
tacralies	tacraly
tacraly	tacraly
tacramies	tacramy
tacramy	tacramy
tacranies	tacrany
tacrany	tacrany
tacrapies	tacrapy
tacrapy	tacrapy
tacraries	tacrary
tacrary	tacrary
tacrathies	tacrathy
tacrathy	tacrathy
tacraties	tacraty
tacraty	tacraty
tacravies	tacravy
tacravy	tacravy
tacrebies	tacreby
tacreby	tacreby
tacreckies	tacrecky
tacrecky	tacrecky
tacredies	tacredy
tacredy	tacredy
tacrefies	tacrefy
tacrefy	tacrefy
tacregies	tacregy
tacregy	tacregy
tacrelies	tacrely
tacrely	tacrely
tacremies	tacremy
tacremy	tacremy
tacrenies	tacreny
tacreny	tacreny
tacrepies	tacrepy
tacrepy	tacrepy
tacreries	tacrery
tacrery	tacrery
tacrethies	tacrethy
tacrethy	tacrethy
tacreties	tacrety
tacrety	tacrety
tacrevies	tacrevy
tacrevy	tacrevy
tacribies	tacriby
tacriby	tacriby
tacrickies	tacricky
tacricky	tacricky
tacridies	tacridy
tacridy	tacridy
tacrifies	tacrify
tacrify	tacrify
tacrigies	tacrigy
tacrigy	tacrigy
tacrilies	tacrily
tacrily	tacrily
tacrimies	tacrimy
tacrimy	tacrimy
tacrinies	tacriny
tacriny	tacriny
tacripies	tacripy
tacripy	tacripy
tacriries	tacriry
tacriry	tacriry
tacrithies	tacrithy
tacrithy	tacrithy
tacrities	tacrity
tacrity	tacrity
tacrivies	tacrivy
tacrivy	tacrivy
tacrobies	tacroby
tacroby	tacroby
tacrockies	tacrocky
tacrocky	tacrocky
tacrodies	tacrody
tacrody	tacrody
tacrofies	tacrofy
tacrofy	tacrofy
tacrogies	tacrogy
tacrogy	tacrogy
tacrolies	tacroly
tacroly	tacroly
tacromies	tacromy
tacromy	tacromy
tacronies	tacrony
tacrony	tacrony
tacropies	tacropy
tacropy	tacropy
tacrories	tacrory
tacrory	tacrory
tacrothies	tacrothy
tacrothy	tacrothy
tacroties	tacroty
tacroty	tacroty
tacrovies	tacrovy
tacrovy	tacrovy
tacrubies	tacruby
tacruby	tacruby
tacruckies	tacrucky
tacrucky	tacrucky
tacrudies	tacrudy
tacrudy	tacrudy
tacrufies	tacrufy
tacrufy	tacrufy
tacrugies	tacrugy
tacrugy	tacrugy
tacrulies	tacruly
tacruly	tacruly
tacrumies	tacrumy
tacrumy	tacrumy
tacrunies	tacruny
tacruny	tacruny
tacrupies	tacrupy
tacrupy	tacrupy
tacruries	tacrury
tacrury	tacrury
tacruthies	tacruthy
tacruthy	tacruthy
tacruties	tacruty
tacruty	tacruty
tacruvies	tacruvy
tacruvy	tacruvy
tadabies	tadaby
tadaby	tadaby
tadackies	tadacky
tadacky	tadacky
tadadies	tadady
tadady	tadady
tadafies	tadafy
tadafy	tadafy
tadagies	tadagy
tadagy	tadagy
tadalies	tadaly
tadaly	tadaly
tadamies	tadamy
tadamy	tadamy
tadanies	tadany
tadany	tadany
tadapies	tadapy
tadapy	tadapy
tadaries	tadary
tadary	tadary
tadathies	tadathy
tadathy	tadathy
tadaties	tadaty
tadaty	tadaty
tadavies	tadavy
tadavy	tadavy
tadebies	tadeby
tadeby	tadeby
tadeckies	tadecky
tadecky	tadecky
tadedies	tadedy
tadedy	tadedy
tadefies	tadefy
tadefy	tadefy
tadegies	tadegy
tadegy	tadegy
tadelies	tadely
tadely	tadely
tademies	tademy
tademy	tademy
tadethies	tadethy
tadethy	tadethy
